node_id,xianshi_w_value,yinshi_w_value
1455041322792808448,2021-11-02,2021-11-01
1455041322792808448,2021-11-03,2021-11-01
1455041322792808448,2021-11-04,2021-11-01
1455041322792808448,2021-11-05,2021-11-01
1456441701891936512,2021-11-06,2021-11-05
1455041322792808448,2021-11-06,2021-11-01
1456441701891936512,2021-11-07,2021-11-05
1455041322792808448,2021-11-07,2021-11-01
1457408925842620416,2021-11-08,2021-11-07
1456441701891936512,2021-11-08,2021-11-05
1455041322792808448,2021-11-08,2021-11-01
1457408925842620416,2021-11-09,2021-11-07
1456441701891936512,2021-11-09,2021-11-05
1455041322792808448,2021-11-09,2021-11-01
1457408925842620416,2021-11-10,2021-11-07
1456441701891936512,2021-11-10,2021-11-05
1455041322792808448,2021-11-10,2021-11-01
1457408925842620416,2021-11-11,2021-11-07
1458355767216586752,2021-11-11,2021-11-10
1456441701891936512,2021-11-11,2021-11-05
1455041322792808448,2021-11-11,2021-11-01
1458373069026824192,2021-11-11,2021-11-10
1457408925842620416,2021-11-12,2021-11-07
1458355767216586752,2021-11-12,2021-11-10
1456441701891936512,2021-11-12,2021-11-05
1455041322792808448,2021-11-12,2021-11-01
1458373069026824192,2021-11-12,2021-11-10
1457408925842620416,2021-11-13,2021-11-07
1458355767216586752,2021-11-13,2021-11-10
1456441701891936512,2021-11-13,2021-11-05
1455041322792808448,2021-11-13,2021-11-01
1458373069026824192,2021-11-13,2021-11-10
1457408925842620416,2021-11-14,2021-11-07
1458355767216586752,2021-11-14,2021-11-10
1456441701891936512,2021-11-14,2021-11-05
1455041322792808448,2021-11-14,2021-11-01
1458373069026824192,2021-11-14,2021-11-10
1457408925842620416,2021-11-15,2021-11-07
1458355767216586752,2021-11-15,2021-11-10
1456441701891936512,2021-11-15,2021-11-05
1455041322792808448,2021-11-15,2021-11-01
1458373069026824192,2021-11-15,2021-11-10
1457408925842620416,2021-11-16,2021-11-07
1458355767216586752,2021-11-16,2021-11-10
1456441701891936512,2021-11-16,2021-11-05
1455041322792808448,2021-11-16,2021-11-01
1458373069026824192,2021-11-16,2021-11-10
1460193074278113280,2021-11-16,2021-11-15
1457408925842620416,2021-11-17,2021-11-07
1458355767216586752,2021-11-17,2021-11-10
1456441701891936512,2021-11-17,2021-11-05
1455041322792808448,2021-11-17,2021-11-01
1458373069026824192,2021-11-17,2021-11-10
1460193074278113280,2021-11-17,2021-11-15
1457408925842620416,2021-11-18,2021-11-07
1458355767216586752,2021-11-18,2021-11-10
1456441701891936512,2021-11-18,2021-11-05
1455041322792808448,2021-11-18,2021-11-01
1458373069026824192,2021-11-18,2021-11-10
1460193074278113280,2021-11-18,2021-11-15
1457408925842620416,2021-11-19,2021-11-07
1458355767216586752,2021-11-19,2021-11-10
1456441701891936512,2021-11-19,2021-11-05
1455041322792808448,2021-11-19,2021-11-01
1458373069026824192,2021-11-19,2021-11-10
1460193074278113280,2021-11-19,2021-11-15
1457408925842620416,2021-11-20,2021-11-07
1458355767216586752,2021-11-20,2021-11-10
1456441701891936512,2021-11-20,2021-11-05
1455041322792808448,2021-11-20,2021-11-01
1458373069026824192,2021-11-20,2021-11-10
1460193074278113280,2021-11-20,2021-11-15
1457408925842620416,2021-11-21,2021-11-07
1458355767216586752,2021-11-21,2021-11-10
1456441701891936512,2021-11-21,2021-11-05
1455041322792808448,2021-11-21,2021-11-01
1458373069026824192,2021-11-21,2021-11-10
1460193074278113280,2021-11-21,2021-11-15
1457408925842620416,2021-11-22,2021-11-07
1458355767216586752,2021-11-22,2021-11-10
1456441701891936512,2021-11-22,2021-11-05
1455041322792808448,2021-11-22,2021-11-01
1458373069026824192,2021-11-22,2021-11-10
1460193074278113280,2021-11-22,2021-11-15
1457408925842620416,2021-11-23,2021-11-07
1458355767216586752,2021-11-23,2021-11-10
1456441701891936512,2021-11-23,2021-11-05
1455041322792808448,2021-11-23,2021-11-01
1458373069026824192,2021-11-23,2021-11-10
1460193074278113280,2021-11-23,2021-11-15
1452580366355611648,2021-11-23,2021-10-25
1457408925842620416,2021-11-24,2021-11-07
1458355767216586752,2021-11-24,2021-11-10
1456441701891936512,2021-11-24,2021-11-05
1455041322792808448,2021-11-24,2021-11-01
1458373069026824192,2021-11-24,2021-11-10
1460193074278113280,2021-11-24,2021-11-15
1452580366355611648,2021-11-24,2021-10-25
1457408925842620416,2021-11-25,2021-11-07
1458355767216586752,2021-11-25,2021-11-10
1456441701891936512,2021-11-25,2021-11-05
1455041322792808448,2021-11-25,2021-11-01
1458373069026824192,2021-11-25,2021-11-10
1460193074278113280,2021-11-25,2021-11-15
1457408925842620416,2021-11-26,2021-11-07
1458355767216586752,2021-11-26,2021-11-10
1456441701891936512,2021-11-26,2021-11-05
1455041322792808448,2021-11-26,2021-11-01
1458373069026824192,2021-11-26,2021-11-10
1460193074278113280,2021-11-26,2021-11-15
1463901335581908992,2021-11-26,2021-11-25
1457408925842620416,2021-11-27,2021-11-07
1458355767216586752,2021-11-27,2021-11-10
1456441701891936512,2021-11-27,2021-11-05
1455041322792808448,2021-11-27,2021-11-01
1458373069026824192,2021-11-27,2021-11-10
1460193074278113280,2021-11-27,2021-11-15
1463901335581908992,2021-11-27,2021-11-25
1452580366355611648,2021-11-27,2021-10-25
1457408925842620416,2021-11-28,2021-11-07
1458355767216586752,2021-11-28,2021-11-10
1456441701891936512,2021-11-28,2021-11-05
1455041322792808448,2021-11-28,2021-11-01
1458373069026824192,2021-11-28,2021-11-10
1460193074278113280,2021-11-28,2021-11-15
1463901335581908992,2021-11-28,2021-11-25
1452580366355611648,2021-11-28,2021-10-25
1457408925842620416,2021-11-29,2021-11-07
1458355767216586752,2021-11-29,2021-11-10
1456441701891936512,2021-11-29,2021-11-05
1455041322792808448,2021-11-29,2021-11-01
1458373069026824192,2021-11-29,2021-11-10
1460193074278113280,2021-11-29,2021-11-15
1463901335581908992,2021-11-29,2021-11-25
1452580366355611648,2021-11-29,2021-10-25
1457408925842620416,2021-11-30,2021-11-07
1458355767216586752,2021-11-30,2021-11-10
1456441701891936512,2021-11-30,2021-11-05
1455041322792808448,2021-11-30,2021-11-01
1458373069026824192,2021-11-30,2021-11-10
1460193074278113280,2021-11-30,2021-11-15
1463901335581908992,2021-11-30,2021-11-25
1452580366355611648,2021-11-30,2021-10-25
1457408925842620416,2021-12-01,2021-11-07
1458355767216586752,2021-12-01,2021-11-10
1456441701891936512,2021-12-01,2021-11-05
1455041322792808448,2021-12-01,2021-11-01
1458373069026824192,2021-12-01,2021-11-10
1460193074278113280,2021-12-01,2021-11-15
1463901335581908992,2021-12-01,2021-11-25
1452580366355611648,2021-12-01,2021-10-25
1457408925842620416,2021-12-02,2021-11-07
1458355767216586752,2021-12-02,2021-11-10
1456441701891936512,2021-12-02,2021-11-05
1455041322792808448,2021-12-02,2021-11-01
1458373069026824192,2021-12-02,2021-11-10
1460193074278113280,2021-12-02,2021-11-15
1465963507690598400,2021-12-02,2021-12-01
1463901335581908992,2021-12-02,2021-11-25
1452580366355611648,2021-12-02,2021-10-25
1457408925842620416,2021-12-03,2021-11-07
1458355767216586752,2021-12-03,2021-11-10
1456441701891936512,2021-12-03,2021-11-05
1455041322792808448,2021-12-03,2021-11-01
1458373069026824192,2021-12-03,2021-11-10
1460193074278113280,2021-12-03,2021-11-15
1465963507690598400,2021-12-03,2021-12-01
1463901335581908992,2021-12-03,2021-11-25
1452580366355611648,2021-12-03,2021-10-25
1457408925842620416,2021-12-04,2021-11-07
1458355767216586752,2021-12-04,2021-11-10
1456441701891936512,2021-12-04,2021-11-05
1455041322792808448,2021-12-04,2021-11-01
1458373069026824192,2021-12-04,2021-11-10
1460193074278113280,2021-12-04,2021-11-15
1465963507690598400,2021-12-04,2021-12-01
1463901335581908992,2021-12-04,2021-11-25
1452580366355611648,2021-12-04,2021-10-25
1457408925842620416,2021-12-05,2021-11-07
1458355767216586752,2021-12-05,2021-11-10
1456441701891936512,2021-12-05,2021-11-05
1455041322792808448,2021-12-05,2021-11-01
1458373069026824192,2021-12-05,2021-11-10
1460193074278113280,2021-12-05,2021-11-15
1465963507690598400,2021-12-05,2021-12-01
1463901335581908992,2021-12-05,2021-11-25
1452580366355611648,2021-12-05,2021-10-25
1457408925842620416,2021-12-06,2021-11-07
1458355767216586752,2021-12-06,2021-11-10
1456441701891936512,2021-12-06,2021-11-05
1455041322792808448,2021-12-06,2021-11-01
1458373069026824192,2021-12-06,2021-11-10
1460193074278113280,2021-12-06,2021-11-15
1465963507690598400,2021-12-06,2021-12-01
1463901335581908992,2021-12-06,2021-11-25
1452580366355611648,2021-12-06,2021-10-25
1457408925842620416,2021-12-07,2021-11-07
1458355767216586752,2021-12-07,2021-11-10
1456441701891936512,2021-12-07,2021-11-05
1455041322792808448,2021-12-07,2021-11-01
1458373069026824192,2021-12-07,2021-11-10
1460193074278113280,2021-12-07,2021-11-15
1465963507690598400,2021-12-07,2021-12-01
1463901335581908992,2021-12-07,2021-11-25
1457408925842620416,2021-12-08,2021-11-07
1458355767216586752,2021-12-08,2021-11-10
1456441701891936512,2021-12-08,2021-11-05
1455041322792808448,2021-12-08,2021-11-01
1458373069026824192,2021-12-08,2021-11-10
1460193074278113280,2021-12-08,2021-11-15
1465963507690598400,2021-12-08,2021-12-01
1463901335581908992,2021-12-08,2021-11-25
1457408925842620416,2021-12-09,2021-11-07
1458355767216586752,2021-12-09,2021-11-10
1456441701891936512,2021-12-09,2021-11-05
1455041322792808448,2021-12-09,2021-11-01
1458373069026824192,2021-12-09,2021-11-10
1460193074278113280,2021-12-09,2021-11-15
1465963507690598400,2021-12-09,2021-12-01
1463901335581908992,2021-12-09,2021-11-25
1457408925842620416,2021-12-10,2021-11-07
1458355767216586752,2021-12-10,2021-11-10
1456441701891936512,2021-12-10,2021-11-05
1455041322792808448,2021-12-10,2021-11-01
1458373069026824192,2021-12-10,2021-11-10
1460193074278113280,2021-12-10,2021-11-15
1465963507690598400,2021-12-10,2021-12-01
1463901335581908992,2021-12-10,2021-11-25
1457408925842620416,2021-12-11,2021-11-07
1458355767216586752,2021-12-11,2021-11-10
1456441701891936512,2021-12-11,2021-11-05
1455041322792808448,2021-12-11,2021-11-01
1458373069026824192,2021-12-11,2021-11-10
1460193074278113280,2021-12-11,2021-11-15
1465963507690598400,2021-12-11,2021-12-01
1463901335581908992,2021-12-11,2021-11-25
1457408925842620416,2021-12-12,2021-11-07
1458355767216586752,2021-12-12,2021-11-10
1456441701891936512,2021-12-12,2021-11-05
1455041322792808448,2021-12-12,2021-11-01
1458373069026824192,2021-12-12,2021-11-10
1460193074278113280,2021-12-12,2021-11-15
1465963507690598400,2021-12-12,2021-12-01
1463901335581908992,2021-12-12,2021-11-25
1457408925842620416,2021-12-13,2021-11-07
1458355767216586752,2021-12-13,2021-11-10
1456441701891936512,2021-12-13,2021-11-05
1458373069026824192,2021-12-13,2021-11-10
1460193074278113280,2021-12-13,2021-11-15
1465963507690598400,2021-12-13,2021-12-01
1463901335581908992,2021-12-13,2021-11-25
1455366798665125888,2021-12-13,2021-11-02
1457408925842620416,2021-12-14,2021-11-07
1458355767216586752,2021-12-14,2021-11-10
1456441701891936512,2021-12-14,2021-11-05
1458373069026824192,2021-12-14,2021-11-10
1460193074278113280,2021-12-14,2021-11-15
1465963507690598400,2021-12-14,2021-12-01
1463901335581908992,2021-12-14,2021-11-25
1455366798665125888,2021-12-14,2021-11-02
1455447814247383040,2021-12-14,2021-11-02
1457408925842620416,2021-12-15,2021-11-07
1458355767216586752,2021-12-15,2021-11-10
1456441701891936512,2021-12-15,2021-11-05
1458373069026824192,2021-12-15,2021-11-10
1460193074278113280,2021-12-15,2021-11-15
1465963507690598400,2021-12-15,2021-12-01
1463901335581908992,2021-12-15,2021-11-25
1455837117255352300,2021-12-15,2021-11-03
1457408925842620416,2021-12-16,2021-11-07
1458355767216586752,2021-12-16,2021-11-10
1456441701891936512,2021-12-16,2021-11-05
1458373069026824192,2021-12-16,2021-11-10
1460193074278113280,2021-12-16,2021-11-15
1465963507690598400,2021-12-16,2021-12-01
1463901335581908992,2021-12-16,2021-11-25
1456101225162625024,2021-12-16,2021-11-04
1456792028705169408,2021-12-16,2021-11-06
1457408925842620416,2021-12-17,2021-11-07
1458355767216586752,2021-12-17,2021-11-10
1456441701891936512,2021-12-17,2021-11-05
1458373069026824192,2021-12-17,2021-11-10
1460193074278113280,2021-12-17,2021-11-15
1465963507690598400,2021-12-17,2021-12-01
1463901335581908992,2021-12-17,2021-11-25
1456792028705169408,2021-12-17,2021-11-06
1457408919660228608,2021-12-17,2021-11-07
1457408919660228600,2021-12-17,2021-11-07
1457408925842620416,2021-12-18,2021-11-07
1458355767216586752,2021-12-18,2021-11-10
1458373069026824192,2021-12-18,2021-11-10
1460193074278113280,2021-12-18,2021-11-15
1465963507690598400,2021-12-18,2021-12-01
1463901335581908992,2021-12-18,2021-11-25
1456792028705169408,2021-12-18,2021-11-06
1457408919660228608,2021-12-18,2021-11-07
1457408919660228600,2021-12-18,2021-11-07
1457408925842620416,2021-12-19,2021-11-07
1458355767216586752,2021-12-19,2021-11-10
1458373069026824192,2021-12-19,2021-11-10
1460193074278113280,2021-12-19,2021-11-15
1465963507690598400,2021-12-19,2021-12-01
1463901335581908992,2021-12-19,2021-11-25
1457408919660228608,2021-12-19,2021-11-07
1457408919660228600,2021-12-19,2021-11-07
1458355767216586752,2021-12-20,2021-11-10
1458373069026824192,2021-12-20,2021-11-10
1460193074278113280,2021-12-20,2021-11-15
1465963507690598400,2021-12-20,2021-12-01
1463901335581908992,2021-12-20,2021-11-25
1458355764536520704,2021-12-20,2021-11-10
1458355767216586752,2021-12-21,2021-11-10
1472801219085496320,2021-12-21,2021-12-20
1458373069026824192,2021-12-21,2021-11-10
1460193074278113280,2021-12-21,2021-11-15
1465963507690598400,2021-12-21,2021-12-01
1463901335581908992,2021-12-21,2021-11-25
1458355764536520704,2021-12-21,2021-11-10
1458355767216586752,2021-12-22,2021-11-10
1472801219085496320,2021-12-22,2021-12-20
1458373069026824192,2021-12-22,2021-11-10
1460193074278113280,2021-12-22,2021-11-15
1465963507690598400,2021-12-22,2021-12-01
1463901335581908992,2021-12-22,2021-11-25
1458355764536520704,2021-12-22,2021-11-10
1472801219085496320,2021-12-23,2021-12-20
1460193074278113280,2021-12-23,2021-11-15
1465963507690598400,2021-12-23,2021-12-01
1463901335581908992,2021-12-23,2021-11-25
1459001408489881600,2021-12-23,2021-11-12
1459047733629644800,2021-12-23,2021-11-12
1472801219085496320,2021-12-24,2021-12-20
1460193074278113280,2021-12-24,2021-11-15
1465963507690598400,2021-12-24,2021-12-01
1463901335581908992,2021-12-24,2021-11-25
1459001408489881600,2021-12-24,2021-11-12
1459047733629644800,2021-12-24,2021-11-12
1459151307831402496,2021-12-24,2021-11-12
1472801219085496320,2021-12-25,2021-12-20
1460193074278113280,2021-12-25,2021-11-15
1465963507690598400,2021-12-25,2021-12-01
1463901335581908992,2021-12-25,2021-11-25
1472801219085496320,2021-12-26,2021-12-20
1460193074278113280,2021-12-26,2021-11-15
1465963507690598400,2021-12-26,2021-12-01
1463901335581908992,2021-12-26,2021-11-25
1472801219085496320,2021-12-27,2021-12-20
1460193074278113280,2021-12-27,2021-11-15
1465963507690598400,2021-12-27,2021-12-01
1463901335581908992,2021-12-27,2021-11-25
1472801219085496320,2021-12-28,2021-12-20
1465963507690598400,2021-12-28,2021-12-01
1463901335581908992,2021-12-28,2021-11-25
1472801219085496320,2021-12-29,2021-12-20
1465963507690598400,2021-12-29,2021-12-01
1463901335581908992,2021-12-29,2021-11-25
1472801219085496320,2021-12-30,2021-12-20
1465963507690598400,2021-12-30,2021-12-01
1463901335581908992,2021-12-30,2021-11-25
1472801219085496320,2021-12-31,2021-12-20
1465963507690598400,2021-12-31,2021-12-01
1476481556231639040,2021-12-31,2021-12-30
1463901335581908992,2021-12-31,2021-11-25
1461632538129027072,2021-12-31,2021-11-19
1472801219085496320,2022-01-01,2021-12-20
1465963507690598400,2022-01-01,2021-12-01
1476481556231639040,2022-01-01,2021-12-30
1463901335581908992,2022-01-01,2021-11-25
1462630153532547072,2022-01-01,2021-11-22
1472801219085496320,2022-01-02,2021-12-20
1465963507690598400,2022-01-02,2021-12-01
1476481556231639040,2022-01-02,2021-12-30
1463901335581908992,2022-01-02,2021-11-25
1462630153532547072,2022-01-02,2021-11-22
1472801219085496320,2022-01-03,2021-12-20
1465963507690598400,2022-01-03,2021-12-01
1476481556231639040,2022-01-03,2021-12-30
1463901335581908992,2022-01-03,2021-11-25
1462630153532547072,2022-01-03,2021-11-22
1462808070321360896,2022-01-03,2021-11-22
1472801219085496320,2022-01-04,2021-12-20
1465963507690598400,2022-01-04,2021-12-01
1476481556231639040,2022-01-04,2021-12-30
1463901335581908992,2022-01-04,2021-11-25
1462977330062630912,2022-01-04,2021-11-23
1472801219085496320,2022-01-05,2021-12-20
1465963507690598400,2022-01-05,2021-12-01
1476481556231639040,2022-01-05,2021-12-30
1463901335581908992,2022-01-05,2021-11-25
1472801219085496320,2022-01-06,2021-12-20
1465963507690598400,2022-01-06,2021-12-01
1476481556231639040,2022-01-06,2021-12-30
1463901335581908992,2022-01-06,2021-11-25
1463907871762960384,2022-01-06,2021-11-25
1472801219085496320,2022-01-07,2021-12-20
1465963507690598400,2022-01-07,2021-12-01
1476481556231639040,2022-01-07,2021-12-30
1464136859295092736,2022-01-07,2021-11-26
1464509819860119552,2022-01-07,2021-11-27
1472801219085496320,2022-01-08,2021-12-20
1465963507690598400,2022-01-08,2021-12-01
1476481556231639040,2022-01-08,2021-12-30
1464509819860119552,2022-01-08,2021-11-27
1464928472543875072,2022-01-08,2021-11-28
1465243171764330496,2022-01-08,2021-11-29
1472801219085496320,2022-01-09,2021-12-20
1465963507690598400,2022-01-09,2021-12-01
1476481556231639040,2022-01-09,2021-12-30
1464928472543875072,2022-01-09,2021-11-28
1465243171764330496,2022-01-09,2021-11-29
1465588427336732672,2022-01-09,2021-11-30
1472801219085496320,2022-01-10,2021-12-20
1465963507690598400,2022-01-10,2021-12-01
1476481556231639040,2022-01-10,2021-12-30
1465243171764330496,2022-01-10,2021-11-29
1465588427336732672,2022-01-10,2021-11-30
1472801219085496320,2022-01-11,2021-12-20
1465963507690598400,2022-01-11,2021-12-01
1476481556231639040,2022-01-11,2021-12-30
1465588427336732672,2022-01-11,2021-11-30
1472801219085496320,2022-01-12,2021-12-20
1465963507690598400,2022-01-12,2021-12-01
1476481556231639040,2022-01-12,2021-12-30
1472801219085496320,2022-01-13,2021-12-20
1476481556231639040,2022-01-13,2021-12-30
1472801219085496320,2022-01-14,2021-12-20
1476481556231639040,2022-01-14,2021-12-30
1467795492751163392,2022-01-14,2021-12-06
1472801219085496320,2022-01-15,2021-12-20
1476481556231639040,2022-01-15,2021-12-30
1467795492751163392,2022-01-15,2021-12-06
1468113536954281984,2022-01-15,2021-12-07
1472801219085496320,2022-01-16,2021-12-20
1482326787665371136,2022-01-16,2022-01-15
1476481556231639040,2022-01-16,2021-12-30
1467795492751163392,2022-01-16,2021-12-06
1468113536954281984,2022-01-16,2021-12-07
1472801219085496320,2022-01-17,2021-12-20
1482326787665371136,2022-01-17,2022-01-15
1476481556231639040,2022-01-17,2021-12-30
1467795492751163392,2022-01-17,2021-12-06
1468113536954281984,2022-01-17,2021-12-07
1468485976972742912,2022-01-17,2021-12-08
1472801219085496320,2022-01-18,2021-12-20
1482326787665371136,2022-01-18,2022-01-15
1476481556231639040,2022-01-18,2021-12-30
1468113536954281984,2022-01-18,2021-12-07
1468485976972742912,2022-01-18,2021-12-08
1472801219085496320,2022-01-19,2021-12-20
1482326787665371136,2022-01-19,2022-01-15
1483444321160421376,2022-01-19,2022-01-18
1476481556231639040,2022-01-19,2021-12-30
1468485976972742912,2022-01-19,2021-12-08
1472801219085496320,2022-01-20,2021-12-20
1482326787665371136,2022-01-20,2022-01-15
1483444321160421376,2022-01-20,2022-01-18
1476481556231639040,2022-01-20,2021-12-30
1469969976568139776,2022-01-20,2021-12-12
1472801219085496320,2022-01-21,2021-12-20
1482326787665371136,2022-01-21,2022-01-15
1483444321160421376,2022-01-21,2022-01-18
1476481556231639040,2022-01-21,2021-12-30
1469969976568139776,2022-01-21,2021-12-12
1472801219085496320,2022-01-22,2021-12-20
1482326787665371136,2022-01-22,2022-01-15
1483444321160421376,2022-01-22,2022-01-18
1476481556231639040,2022-01-22,2021-12-30
1469969976568139776,2022-01-22,2021-12-12
1472801219085496320,2022-01-23,2021-12-20
1482326787665371136,2022-01-23,2022-01-15
1483444321160421376,2022-01-23,2022-01-18
1476481556231639040,2022-01-23,2021-12-30
1469969976568139776,2022-01-23,2021-12-12
1472801219085496320,2022-01-24,2021-12-20
1482326787665371136,2022-01-24,2022-01-15
1483444321160421376,2022-01-24,2022-01-18
1476481556231639040,2022-01-24,2021-12-30
1471315258832658432,2022-01-24,2021-12-16
1472801219085496320,2022-01-25,2021-12-20
1482326787665371136,2022-01-25,2022-01-15
1483444321160421376,2022-01-25,2022-01-18
1476481556231639040,2022-01-25,2021-12-30
1471315258832658432,2022-01-25,2021-12-16
1472801219085496320,2022-01-26,2021-12-20
1482326787665371136,2022-01-26,2022-01-15
1483444321160421376,2022-01-26,2022-01-18
1476481556231639040,2022-01-26,2021-12-30
1471315258832658432,2022-01-26,2021-12-16
1472801219085496320,2022-01-27,2021-12-20
1482326787665371136,2022-01-27,2022-01-15
1483444321160421376,2022-01-27,2022-01-18
1476481556231639040,2022-01-27,2021-12-30
1471315258832658432,2022-01-27,2021-12-16
1471732125435330560,2022-01-27,2021-12-17
1472199423287386112,2022-01-27,2021-12-18
1472801219085496320,2022-01-28,2021-12-20
1482326787665371136,2022-01-28,2022-01-15
1483444321160421376,2022-01-28,2022-01-18
1476481556231639040,2022-01-28,2021-12-30
1471732125435330560,2022-01-28,2021-12-17
1472199423287386112,2022-01-28,2021-12-18
1472801219085496320,2022-01-29,2021-12-20
1482326787665371136,2022-01-29,2022-01-15
1483444321160421376,2022-01-29,2022-01-18
1476481556231639040,2022-01-29,2021-12-30
1472199423287386112,2022-01-29,2021-12-18
1472801219085496320,2022-01-30,2021-12-20
1482326787665371136,2022-01-30,2022-01-15
1483444321160421376,2022-01-30,2022-01-18
1476481556231639040,2022-01-30,2021-12-30
1472801219085496320,2022-01-31,2021-12-20
1482326787665371136,2022-01-31,2022-01-15
1483444321160421376,2022-01-31,2022-01-18
1476481556231639040,2022-01-31,2021-12-30
1482326787665371136,2022-02-01,2022-01-15
1483444321160421376,2022-02-01,2022-01-18
1476481556231639040,2022-02-01,2021-12-30
1475370401228538112,2022-02-01,2021-12-27
1482326787665371136,2022-02-02,2022-01-15
1483444321160421376,2022-02-02,2022-01-18
1476481556231639040,2022-02-02,2021-12-30
1475370401228538112,2022-02-02,2021-12-27
1482326787665371136,2022-02-03,2022-01-15
1483444321160421376,2022-02-03,2022-01-18
1476481556231639040,2022-02-03,2021-12-30
1475370401228538112,2022-02-03,2021-12-27
1475837427617247232,2022-02-03,2021-12-28
1482326787665371136,2022-02-04,2022-01-15
1483444321160421376,2022-02-04,2022-01-18
1476481556231639040,2022-02-04,2021-12-30
1475370401228538112,2022-02-04,2021-12-27
1475837427617247232,2022-02-04,2021-12-28
1482326787665371136,2022-02-05,2022-01-15
1483444321160421376,2022-02-05,2022-01-18
1476481556231639040,2022-02-05,2021-12-30
1475370401228538112,2022-02-05,2021-12-27
1475837427617247232,2022-02-05,2021-12-28
1482326787665371136,2022-02-06,2022-01-15
1483444321160421376,2022-02-06,2022-01-18
1476481556231639040,2022-02-06,2021-12-30
1475370401228538112,2022-02-06,2021-12-27
1475837427617247232,2022-02-06,2021-12-28
1482326787665371136,2022-02-07,2022-01-15
1483444321160421376,2022-02-07,2022-01-18
1476481556231639040,2022-02-07,2021-12-30
1475370401228538112,2022-02-07,2021-12-27
1475837427617247232,2022-02-07,2021-12-28
1482326787665371136,2022-02-08,2022-01-15
1483444321160421376,2022-02-08,2022-01-18
1490690095162273792,2022-02-08,2022-02-07
1476481556231639040,2022-02-08,2021-12-30
1475837427617247232,2022-02-08,2021-12-28
1476448781088755712,2022-02-08,2021-12-30
1482326787665371136,2022-02-09,2022-01-15
1483444321160421376,2022-02-09,2022-01-18
1490690095162273792,2022-02-09,2022-02-07
1476481556231639040,2022-02-09,2021-12-30
1476448781088755712,2022-02-09,2021-12-30
1478292404235300864,2022-02-09,2022-01-04
1482326787665371136,2022-02-10,2022-01-15
1483444321160421376,2022-02-10,2022-01-18
1490690095162273792,2022-02-10,2022-02-07
1476481556231639040,2022-02-10,2021-12-30
1476448781088755712,2022-02-10,2021-12-30
1478292404235300864,2022-02-10,2022-01-04
1478722585537908736,2022-02-10,2022-01-05
1482326787665371136,2022-02-11,2022-01-15
1483444321160421376,2022-02-11,2022-01-18
1490690095162273792,2022-02-11,2022-02-07
1491695160735895552,2022-02-11,2022-02-10
1478292404235300864,2022-02-11,2022-01-04
1478722585537908736,2022-02-11,2022-01-05
1479345689113276416,2022-02-11,2022-01-07
1482326787665371136,2022-02-12,2022-01-15
1483444321160421376,2022-02-12,2022-01-18
1490690095162273792,2022-02-12,2022-02-07
1491695160735895552,2022-02-12,2022-02-10
1478292404235300864,2022-02-12,2022-01-04
1478722585537908736,2022-02-12,2022-01-05
1479345689113276416,2022-02-12,2022-01-07
1482326787665371136,2022-02-13,2022-01-15
1483444321160421376,2022-02-13,2022-01-18
1490690095162273792,2022-02-13,2022-02-07
1491695160735895552,2022-02-13,2022-02-10
1478292404235300864,2022-02-13,2022-01-04
1478722585537908736,2022-02-13,2022-01-05
1479345689113276416,2022-02-13,2022-01-07
1482326787665371136,2022-02-14,2022-01-15
1483444321160421376,2022-02-14,2022-01-18
1490690095162273792,2022-02-14,2022-02-07
1491695160735895552,2022-02-14,2022-02-10
1478292404235300864,2022-02-14,2022-01-04
1478722585537908736,2022-02-14,2022-01-05
1479345689113276416,2022-02-14,2022-01-07
1482326787665371136,2022-02-15,2022-01-15
1483444321160421376,2022-02-15,2022-01-18
1490690095162273792,2022-02-15,2022-02-07
1491695160735895552,2022-02-15,2022-02-10
1478292404235300864,2022-02-15,2022-01-04
1478722585537908736,2022-02-15,2022-01-05
1479345689113276416,2022-02-15,2022-01-07
1482326787665371136,2022-02-16,2022-01-15
1483444321160421376,2022-02-16,2022-01-18
1490690095162273792,2022-02-16,2022-02-07
1491695160735895552,2022-02-16,2022-02-10
1478722585537908736,2022-02-16,2022-01-05
1479345689113276416,2022-02-16,2022-01-07
1482326787665371136,2022-02-17,2022-01-15
1483444321160421376,2022-02-17,2022-01-18
1490690095162273792,2022-02-17,2022-02-07
1491695160735895552,2022-02-17,2022-02-10
1479345689113276416,2022-02-17,2022-01-07
1482326787665371136,2022-02-18,2022-01-15
1483444321160421376,2022-02-18,2022-01-18
1490690095162273792,2022-02-18,2022-02-07
1491695160735895552,2022-02-18,2022-02-10
1479345689113276416,2022-02-18,2022-01-07
1482326787665371136,2022-02-19,2022-01-15
1483444321160421376,2022-02-19,2022-01-18
1490690095162273792,2022-02-19,2022-02-07
1491695160735895552,2022-02-19,2022-02-10
1482326335343276000,2022-02-19,2022-01-15
1482326787665371136,2022-02-20,2022-01-15
1483444321160421376,2022-02-20,2022-01-18
1490690095162273792,2022-02-20,2022-02-07
1491695160735895552,2022-02-20,2022-02-10
1482326335343276000,2022-02-20,2022-01-15
1482326335343276032,2022-02-20,2022-01-15
1482433262488518912,2022-02-20,2022-01-15
1482326787665371136,2022-02-21,2022-01-15
1483444321160421376,2022-02-21,2022-01-18
1490690095162273792,2022-02-21,2022-02-07
1491695160735895552,2022-02-21,2022-02-10
1482326335343276000,2022-02-21,2022-01-15
1482326335343276032,2022-02-21,2022-01-15
1482433262488518912,2022-02-21,2022-01-15
1482326787665371136,2022-02-22,2022-01-15
1483444321160421376,2022-02-22,2022-01-18
1490690095162273792,2022-02-22,2022-02-07
1491695160735895552,2022-02-22,2022-02-10
1482326335343276000,2022-02-22,2022-01-15
1482326335343276032,2022-02-22,2022-01-15
1482433262488518912,2022-02-22,2022-01-15
1482326787665371136,2022-02-23,2022-01-15
1483444321160421376,2022-02-23,2022-01-18
1490690095162273792,2022-02-23,2022-02-07
1491695160735895552,2022-02-23,2022-02-10
1482326335343276000,2022-02-23,2022-01-15
1482326335343276032,2022-02-23,2022-01-15
1482433262488518912,2022-02-23,2022-01-15
1482326787665371136,2022-02-24,2022-01-15
1483444321160421376,2022-02-24,2022-01-18
1490690095162273792,2022-02-24,2022-02-07
1491695160735895552,2022-02-24,2022-02-10
1482326335343276000,2022-02-24,2022-01-15
1482326335343276032,2022-02-24,2022-01-15
1482433262488518912,2022-02-24,2022-01-15
1482326787665371136,2022-02-25,2022-01-15
1483444321160421376,2022-02-25,2022-01-18
1490690095162273792,2022-02-25,2022-02-07
1491695160735895552,2022-02-25,2022-02-10
1482326335343276000,2022-02-25,2022-01-15
1482326335343276032,2022-02-25,2022-01-15
1482433262488518912,2022-02-25,2022-01-15
1482326787665371136,2022-02-26,2022-01-15
1483444321160421376,2022-02-26,2022-01-18
1490690095162273792,2022-02-26,2022-02-07
1491695160735895552,2022-02-26,2022-02-10
1482326335343276000,2022-02-26,2022-01-15
1482326335343276032,2022-02-26,2022-01-15
1482433262488518912,2022-02-26,2022-01-15
1483444252697051136,2022-02-26,2022-01-18
1483444252697051100,2022-02-26,2022-01-18
1483621301268844288,2022-02-26,2022-01-19
1483444321160421376,2022-02-27,2022-01-18
1490690095162273792,2022-02-27,2022-02-07
1491695160735895552,2022-02-27,2022-02-10
1483444252697051136,2022-02-27,2022-01-18
1483444252697051100,2022-02-27,2022-01-18
1483621301268844288,2022-02-27,2022-01-19
1483444321160421376,2022-02-28,2022-01-18
1490690095162273792,2022-02-28,2022-02-07
1491695160735895552,2022-02-28,2022-02-10
1497730944610017280,2022-02-28,2022-02-27
1483444252697051136,2022-02-28,2022-01-18
1483444252697051100,2022-02-28,2022-01-18
1483621301268844288,2022-02-28,2022-01-19
1483444321160421376,2022-03-01,2022-01-18
1490690095162273792,2022-03-01,2022-02-07
1491695160735895552,2022-03-01,2022-02-10
1497730944610017280,2022-03-01,2022-02-27
1483444252697051136,2022-03-01,2022-01-18
1483444252697051100,2022-03-01,2022-01-18
1483621301268844288,2022-03-01,2022-01-19
1490690095162273792,2022-03-02,2022-02-07
1491695160735895552,2022-03-02,2022-02-10
1497730944610017280,2022-03-02,2022-02-27
1483621301268844288,2022-03-02,2022-01-19
1485236774381056000,2022-03-02,2022-01-23
1490690095162273792,2022-03-03,2022-02-07
1491695160735895552,2022-03-03,2022-02-10
1497730944610017280,2022-03-03,2022-02-27
1485236774381056000,2022-03-03,2022-01-23
1490690095162273792,2022-03-04,2022-02-07
1491695160735895552,2022-03-04,2022-02-10
1497730944610017280,2022-03-04,2022-02-27
1485236774381056000,2022-03-04,2022-01-23
1486362944443383808,2022-03-04,2022-01-26
1490690095162273792,2022-03-05,2022-02-07
1491695160735895552,2022-03-05,2022-02-10
1497730944610017280,2022-03-05,2022-02-27
1485236774381056000,2022-03-05,2022-01-23
1486362944443383808,2022-03-05,2022-01-26
1490690095162273792,2022-03-06,2022-02-07
1491695160735895552,2022-03-06,2022-02-10
1497730944610017280,2022-03-06,2022-02-27
1485236774381056000,2022-03-06,2022-01-23
1486362944443383808,2022-03-06,2022-01-26
1490690095162273792,2022-03-07,2022-02-07
1491695160735895552,2022-03-07,2022-02-10
1497730944610017280,2022-03-07,2022-02-27
1486362944443383808,2022-03-07,2022-01-26
1487326307973140480,2022-03-07,2022-01-29
1490690095162273792,2022-03-08,2022-02-07
1491695160735895552,2022-03-08,2022-02-10
1497730944610017280,2022-03-08,2022-02-27
1486362944443383808,2022-03-08,2022-01-26
1487326307973140480,2022-03-08,2022-01-29
1487790313133412352,2022-03-08,2022-01-30
1490690095162273792,2022-03-09,2022-02-07
1491695160735895552,2022-03-09,2022-02-10
1497730944610017280,2022-03-09,2022-02-27
1486362944443383808,2022-03-09,2022-01-26
1487326307973140480,2022-03-09,2022-01-29
1487790313133412352,2022-03-09,2022-01-30
1490690095162273792,2022-03-10,2022-02-07
1491695160735895552,2022-03-10,2022-02-10
1497730944610017280,2022-03-10,2022-02-27
1487326307973140480,2022-03-10,2022-01-29
1487790313133412352,2022-03-10,2022-01-30
1490690095162273792,2022-03-11,2022-02-07
1491695160735895552,2022-03-11,2022-02-10
1497730944610017280,2022-03-11,2022-02-27
1487326307973140480,2022-03-11,2022-01-29
1487790313133412352,2022-03-11,2022-01-30
1490690095162273792,2022-03-12,2022-02-07
1491695160735895552,2022-03-12,2022-02-10
1497730944610017280,2022-03-12,2022-02-27
1487326307973140480,2022-03-12,2022-01-29
1487790313133412352,2022-03-12,2022-01-30
1489317416895188992,2022-03-12,2022-02-03
1489318878668804096,2022-03-12,2022-02-03
1490690095162273792,2022-03-13,2022-02-07
1491695160735895552,2022-03-13,2022-02-10
1497730944610017280,2022-03-13,2022-02-27
1487790313133412352,2022-03-13,2022-01-30
1489317416895188992,2022-03-13,2022-02-03
1489318878668804096,2022-03-13,2022-02-03
1490690095162273792,2022-03-14,2022-02-07
1491695160735895552,2022-03-14,2022-02-10
1497730944610017280,2022-03-14,2022-02-27
1489317416895188992,2022-03-14,2022-02-03
1489318878668804096,2022-03-14,2022-02-03
1490690095162273792,2022-03-15,2022-02-07
1491695160735895552,2022-03-15,2022-02-10
1497730944610017280,2022-03-15,2022-02-27
1489317416895188992,2022-03-15,2022-02-03
1489318878668804096,2022-03-15,2022-02-03
1490690091710308400,2022-03-15,2022-02-07
1490705349137301504,2022-03-15,2022-02-07
1490690095162273792,2022-03-16,2022-02-07
1491695160735895552,2022-03-16,2022-02-10
1497730944610017280,2022-03-16,2022-02-27
1489317416895188992,2022-03-16,2022-02-03
1489318878668804096,2022-03-16,2022-02-03
1490690091710308400,2022-03-16,2022-02-07
1490705349137301504,2022-03-16,2022-02-07
1490690095162273792,2022-03-17,2022-02-07
1491695160735895552,2022-03-17,2022-02-10
1497730944610017280,2022-03-17,2022-02-27
1489317416895188992,2022-03-17,2022-02-03
1489318878668804096,2022-03-17,2022-02-03
1490690091710308400,2022-03-17,2022-02-07
1490705349137301504,2022-03-17,2022-02-07
1490690095162273792,2022-03-18,2022-02-07
1491695160735895552,2022-03-18,2022-02-10
1497730944610017280,2022-03-18,2022-02-27
1490690091710308400,2022-03-18,2022-02-07
1490705349137301504,2022-03-18,2022-02-07
1490690095162273792,2022-03-19,2022-02-07
1491695160735895552,2022-03-19,2022-02-10
1497730944610017280,2022-03-19,2022-02-27
1490690091710308400,2022-03-19,2022-02-07
1490705349137301504,2022-03-19,2022-02-07
1490690095162273792,2022-03-20,2022-02-07
1491695160735895552,2022-03-20,2022-02-10
1497730944610017280,2022-03-20,2022-02-27
1490690091710308400,2022-03-20,2022-02-07
1490705349137301504,2022-03-20,2022-02-07
1490690095162273792,2022-03-21,2022-02-07
1491695160735895552,2022-03-21,2022-02-10
1497730944610017280,2022-03-21,2022-02-27
1490690091710308400,2022-03-21,2022-02-07
1490705349137301504,2022-03-21,2022-02-07
1491695160735895552,2022-03-22,2022-02-10
1497730944610017280,2022-03-22,2022-02-27
1491695158831636500,2022-03-22,2022-02-10
1491695160735895552,2022-03-23,2022-02-10
1497730944610017280,2022-03-23,2022-02-27
1491695158831636500,2022-03-23,2022-02-10
1491695160735895552,2022-03-24,2022-02-10
1497730944610017280,2022-03-24,2022-02-27
1491695158831636500,2022-03-24,2022-02-10
1497730944610017280,2022-03-25,2022-02-27
1493158856918450176,2022-03-25,2022-02-14
1497730944610017280,2022-03-26,2022-02-27
1493158856918450176,2022-03-26,2022-02-14
1497730944610017280,2022-03-27,2022-02-27
1493158856918450176,2022-03-27,2022-02-14
1497730944610017280,2022-03-28,2022-02-27
1493158856918450176,2022-03-28,2022-02-14
1497730944610017280,2022-03-29,2022-02-27
1497730944610017280,2022-03-30,2022-02-27
1497730944610017280,2022-03-31,2022-02-27
1497730944610017280,2022-04-01,2022-02-27
1497730944610017280,2022-04-02,2022-02-27
1496733152944930816,2022-04-02,2022-02-24
1497730944610017280,2022-04-03,2022-02-27
1496733152944930816,2022-04-03,2022-02-24
1497730944610017280,2022-04-04,2022-02-27
1496733152944930816,2022-04-04,2022-02-24
1497730944610017280,2022-04-05,2022-02-27
1496733152944930816,2022-04-05,2022-02-24
1497625121892167680,2022-04-05,2022-02-26
1497730944610017280,2022-04-06,2022-02-27
1496733152944930816,2022-04-06,2022-02-24
1497625121892167680,2022-04-06,2022-02-26
1497730944610017280,2022-04-07,2022-02-27
1496733152944930816,2022-04-07,2022-02-24
1497625121892167680,2022-04-07,2022-02-26
1497730944610017280,2022-04-08,2022-02-27
1497625121892167680,2022-04-08,2022-02-26
1497730944610017280,2022-04-09,2022-02-27
1497625121892167680,2022-04-09,2022-02-26
1497730944610017280,2022-04-10,2022-02-27
1500421650537353216,2022-04-11,2022-03-06
1500421650537353216,2022-04-12,2022-03-06
1500421650537353216,2022-04-13,2022-03-06
1501583418949353472,2022-04-13,2022-03-09
1500421650537353216,2022-04-14,2022-03-06
1501583418949353472,2022-04-14,2022-03-09
1501736933197705216,2022-04-14,2022-03-10
1500421650537353216,2022-04-15,2022-03-06
1501583418949353472,2022-04-15,2022-03-09
1501736933197705216,2022-04-15,2022-03-10
1500421650537353216,2022-04-16,2022-03-06
1501583418949353472,2022-04-16,2022-03-09
1501736933197705216,2022-04-16,2022-03-10
1500421650537353216,2022-04-17,2022-03-06
1501583418949353472,2022-04-17,2022-03-09
1501736933197705216,2022-04-17,2022-03-10
1501583418949353472,2022-04-18,2022-03-09
1501736933197705216,2022-04-18,2022-03-10
1501583418949353472,2022-04-19,2022-03-09
1501736933197705216,2022-04-19,2022-03-10
1502570966307594240,2022-04-19,2022-03-12
1501583418949353472,2022-04-20,2022-03-09
1501736933197705216,2022-04-20,2022-03-10
1502570966307594240,2022-04-20,2022-03-12
1501736933197705216,2022-04-21,2022-03-10
1502570966307594240,2022-04-21,2022-03-12
1502570966307594240,2022-04-22,2022-03-12
1502570966307594240,2022-04-23,2022-03-12
1506770396477292288,2022-05-03,2022-03-23
1506770396477292288,2022-05-04,2022-03-23
1507196187790651392,2022-05-04,2022-03-25
1507381727903182848,2022-05-04,2022-03-25
1507196187790651392,2022-05-05,2022-03-25
1507381727903182848,2022-05-05,2022-03-25
1508443163882815488,2022-05-05,2022-03-28
1507196187790651392,2022-05-06,2022-03-25
1507381727903182848,2022-05-06,2022-03-25
1508443163882815488,2022-05-06,2022-03-28
1508443163882815488,2022-05-07,2022-03-28
1508443163882815488,2022-05-08,2022-03-28
1508443163882815488,2022-05-09,2022-03-28
1512418986360672512,2022-05-11,2022-04-08
1512663941024952320,2022-05-11,2022-04-09
1512418986360672512,2022-05-12,2022-04-08
1512663941024952320,2022-05-12,2022-04-09
1512418986360672512,2022-05-13,2022-04-08
1512663941024952320,2022-05-13,2022-04-09
1512418986360672512,2022-05-14,2022-04-08
1512663941024952320,2022-05-14,2022-04-09
1512418986360672512,2022-05-15,2022-04-08
1512663941024952320,2022-05-15,2022-04-09
1512418986360672512,2022-05-16,2022-04-08
1512663941024952320,2022-05-16,2022-04-09
1512418986360672512,2022-05-17,2022-04-08
1512663941024952320,2022-05-17,2022-04-09
1526579887041290240,2022-05-18,2022-05-17
1512418986360672512,2022-05-18,2022-04-08
1512663941024952320,2022-05-18,2022-04-09
1526579887041290240,2022-05-19,2022-05-17
1512418986360672512,2022-05-19,2022-04-08
1512663941024952320,2022-05-19,2022-04-09
1526579887041290240,2022-05-20,2022-05-17
1527257045376073728,2022-05-20,2022-05-19
1512418986360672512,2022-05-20,2022-04-08
1512663941024952320,2022-05-20,2022-04-09
1526579887041290240,2022-05-21,2022-05-17
1527257045376073728,2022-05-21,2022-05-19
1512663941024952320,2022-05-21,2022-04-09
1513886862683025408,2022-05-21,2022-04-12
1526579887041290240,2022-05-22,2022-05-17
1527257045376073728,2022-05-22,2022-05-19
1513886862683025408,2022-05-22,2022-04-12
1526579887041290240,2022-05-23,2022-05-17
1527257045376073728,2022-05-23,2022-05-19
1513886862683025408,2022-05-23,2022-04-12
1526579887041290240,2022-05-24,2022-05-17
1527257045376073728,2022-05-24,2022-05-19
1513886862683025408,2022-05-24,2022-04-12
1526579887041290240,2022-05-25,2022-05-17
1527257045376073728,2022-05-25,2022-05-19
1514892798172200960,2022-05-25,2022-04-15
1514964506308329472,2022-05-25,2022-04-15
1526579887041290240,2022-05-26,2022-05-17
1527257045376073728,2022-05-26,2022-05-19
1514892798172200960,2022-05-26,2022-04-15
1514964506308329472,2022-05-26,2022-04-15
1515228778733387776,2022-05-26,2022-04-16
1526579887041290240,2022-05-27,2022-05-17
1527257045376073728,2022-05-27,2022-05-19
1514892798172200960,2022-05-27,2022-04-15
1514964506308329472,2022-05-27,2022-04-15
1515228778733387776,2022-05-27,2022-04-16
1526579887041290240,2022-05-28,2022-05-17
1527257045376073728,2022-05-28,2022-05-19
1515228778733387776,2022-05-28,2022-04-16
1526579887041290240,2022-05-29,2022-05-17
1527257045376073728,2022-05-29,2022-05-19
1526579887041290240,2022-05-30,2022-05-17
1527257045376073728,2022-05-30,2022-05-19
1526579887041290240,2022-05-31,2022-05-17
1527257045376073728,2022-05-31,2022-05-19
1526579887041290240,2022-06-01,2022-05-17
1527257045376073728,2022-06-01,2022-05-19
1526579887041290240,2022-06-02,2022-05-17
1527257045376073728,2022-06-02,2022-05-19
1526579887041290240,2022-06-03,2022-05-17
1527257045376073728,2022-06-03,2022-05-19
1526579887041290240,2022-06-04,2022-05-17
1527257045376073728,2022-06-04,2022-05-19
1526579887041290240,2022-06-05,2022-05-17
1527257045376073728,2022-06-05,2022-05-19
1526579887041290240,2022-06-06,2022-05-17
1527257045376073728,2022-06-06,2022-05-19
1526579887041290240,2022-06-07,2022-05-17
1527257045376073728,2022-06-07,2022-05-19
1533835957379956736,2022-06-07,2022-06-06
1526579887041290240,2022-06-08,2022-05-17
1527257045376073728,2022-06-08,2022-05-19
1533835957379956736,2022-06-08,2022-06-06
1520055828929077248,2022-06-08,2022-04-29
1526579887041290240,2022-06-09,2022-05-17
1527257045376073728,2022-06-09,2022-05-19
1533835957379956736,2022-06-09,2022-06-06
1520055828929077248,2022-06-09,2022-04-29
1526579887041290240,2022-06-10,2022-05-17
1527257045376073728,2022-06-10,2022-05-19
1533835957379956736,2022-06-10,2022-06-06
1520055828929077248,2022-06-10,2022-04-29
1526579887041290240,2022-06-11,2022-05-17
1527257045376073728,2022-06-11,2022-05-19
1533835957379956736,2022-06-11,2022-06-06
1526579887041290240,2022-06-12,2022-05-17
1527257045376073728,2022-06-12,2022-05-19
1533835957379956736,2022-06-12,2022-06-06
1526579887041290240,2022-06-13,2022-05-17
1527257045376073728,2022-06-13,2022-05-19
1533835957379956736,2022-06-13,2022-06-06
1526579887041290240,2022-06-14,2022-05-17
1527257045376073728,2022-06-14,2022-05-19
1533835957379956736,2022-06-14,2022-06-06
1536373728639995904,2022-06-14,2022-06-13
1526579887041290240,2022-06-15,2022-05-17
1527257045376073728,2022-06-15,2022-05-19
1533835957379956736,2022-06-15,2022-06-06
1536373728639995904,2022-06-15,2022-06-13
1526579887041290240,2022-06-16,2022-05-17
1527257045376073728,2022-06-16,2022-05-19
1533835957379956736,2022-06-16,2022-06-06
1536373728639995904,2022-06-16,2022-06-13
1526579887041290240,2022-06-17,2022-05-17
1527257045376073728,2022-06-17,2022-05-19
1533835957379956736,2022-06-17,2022-06-06
1536373728639995904,2022-06-17,2022-06-13
1526579887041290240,2022-06-18,2022-05-17
1527257045376073728,2022-06-18,2022-05-19
1533835957379956736,2022-06-18,2022-06-06
1536373728639995904,2022-06-18,2022-06-13
1526579887041290240,2022-06-19,2022-05-17
1527257045376073728,2022-06-19,2022-05-19
1533835957379956736,2022-06-19,2022-06-06
1536373728639995904,2022-06-19,2022-06-13
1526579887041290240,2022-06-20,2022-05-17
1527257045376073728,2022-06-20,2022-05-19
1533835957379956736,2022-06-20,2022-06-06
1536373728639995904,2022-06-20,2022-06-13
1526579887041290240,2022-06-21,2022-05-17
1527257045376073728,2022-06-21,2022-05-19
1533835957379956736,2022-06-21,2022-06-06
1536373728639995904,2022-06-21,2022-06-13
1526579887041290240,2022-06-22,2022-05-17
1527257045376073728,2022-06-22,2022-05-19
1533835957379956736,2022-06-22,2022-06-06
1536373728639995904,2022-06-22,2022-06-13
1526579887041290240,2022-06-23,2022-05-17
1527257045376073728,2022-06-23,2022-05-19
1533835957379956736,2022-06-23,2022-06-06
1536373728639995904,2022-06-23,2022-06-13
1526579887041290240,2022-06-24,2022-05-17
1527257045376073728,2022-06-24,2022-05-19
1533835957379956736,2022-06-24,2022-06-06
1536373728639995904,2022-06-24,2022-06-13
1539785322468212736,2022-06-24,2022-06-23
1526455929532973056,2022-06-24,2022-05-17
1526579887041290240,2022-06-25,2022-05-17
1527257045376073728,2022-06-25,2022-05-19
1533835957379956736,2022-06-25,2022-06-06
1536373728639995904,2022-06-25,2022-06-13
1539785322468212736,2022-06-25,2022-06-23
1526455929532973056,2022-06-25,2022-05-17
1526579887041290240,2022-06-26,2022-05-17
1527257045376073728,2022-06-26,2022-05-19
1533835957379956736,2022-06-26,2022-06-06
1536373728639995904,2022-06-26,2022-06-13
1539785322468212736,2022-06-26,2022-06-23
1540630497008570368,2022-06-26,2022-06-25
1526455929532973056,2022-06-26,2022-05-17
1526579887041290240,2022-06-27,2022-05-17
1527257045376073728,2022-06-27,2022-05-19
1533835957379956736,2022-06-27,2022-06-06
1536373728639995904,2022-06-27,2022-06-13
1539785322468212736,2022-06-27,2022-06-23
1540630497008570368,2022-06-27,2022-06-25
1526455929532973056,2022-06-27,2022-05-17
1526579887041290240,2022-06-28,2022-05-17
1527257045376073728,2022-06-28,2022-05-19
1533835957379956736,2022-06-28,2022-06-06
1536373728639995904,2022-06-28,2022-06-13
1539785322468212736,2022-06-28,2022-06-23
1540630497008570368,2022-06-28,2022-06-25
1526455929532973056,2022-06-28,2022-05-17
1527257045376073728,2022-06-29,2022-05-19
1533835957379956736,2022-06-29,2022-06-06
1536373728639995904,2022-06-29,2022-06-13
1539785322468212736,2022-06-29,2022-06-23
1540630497008570368,2022-06-29,2022-06-25
1527257045376073728,2022-06-30,2022-05-19
1533835957379956736,2022-06-30,2022-06-06
1536373728639995904,2022-06-30,2022-06-13
1539785322468212736,2022-06-30,2022-06-23
1540630497008570368,2022-06-30,2022-06-25
1533835957379956736,2022-07-01,2022-06-06
1536373728639995904,2022-07-01,2022-06-13
1539785322468212736,2022-07-01,2022-06-23
1540630497008570368,2022-07-01,2022-06-25
1542524090430345216,2022-07-01,2022-06-30
1533835957379956736,2022-07-02,2022-06-06
1536373728639995904,2022-07-02,2022-06-13
1539785322468212736,2022-07-02,2022-06-23
1540630497008570368,2022-07-02,2022-06-25
1542524090430345216,2022-07-02,2022-06-30
1533835957379956736,2022-07-03,2022-06-06
1536373728639995904,2022-07-03,2022-06-13
1539785322468212736,2022-07-03,2022-06-23
1540630497008570368,2022-07-03,2022-06-25
1542524090430345216,2022-07-03,2022-06-30
1533835957379956736,2022-07-04,2022-06-06
1536373728639995904,2022-07-04,2022-06-13
1539785322468212736,2022-07-04,2022-06-23
1540630497008570368,2022-07-04,2022-06-25
1542524090430345216,2022-07-04,2022-06-30
1533835957379956736,2022-07-05,2022-06-06
1536373728639995904,2022-07-05,2022-06-13
1539785322468212736,2022-07-05,2022-06-23
1540630497008570368,2022-07-05,2022-06-25
1542524090430345216,2022-07-05,2022-06-30
1533835957379956736,2022-07-06,2022-06-06
1536373728639995904,2022-07-06,2022-06-13
1539785322468212736,2022-07-06,2022-06-23
1540630497008570368,2022-07-06,2022-06-25
1542524090430345216,2022-07-06,2022-06-30
1533835957379956736,2022-07-07,2022-06-06
1536373728639995904,2022-07-07,2022-06-13
1539785322468212736,2022-07-07,2022-06-23
1540630497008570368,2022-07-07,2022-06-25
1542524090430345216,2022-07-07,2022-06-30
1529855270041825280,2022-07-07,2022-05-26
1533835957379956736,2022-07-08,2022-06-06
1536373728639995904,2022-07-08,2022-06-13
1539785322468212736,2022-07-08,2022-06-23
1540630497008570368,2022-07-08,2022-06-25
1542524090430345216,2022-07-08,2022-06-30
1530153399152308224,2022-07-08,2022-05-27
1533835957379956736,2022-07-09,2022-06-06
1536373728639995904,2022-07-09,2022-06-13
1539785322468212736,2022-07-09,2022-06-23
1540630497008570368,2022-07-09,2022-06-25
1542524090430345216,2022-07-09,2022-06-30
1533835957379956736,2022-07-10,2022-06-06
1536373728639995904,2022-07-10,2022-06-13
1539785322468212736,2022-07-10,2022-06-23
1540630497008570368,2022-07-10,2022-06-25
1542524090430345216,2022-07-10,2022-06-30
1533835957379956736,2022-07-11,2022-06-06
1536373728639995904,2022-07-11,2022-06-13
1539785322468212736,2022-07-11,2022-06-23
1540630497008570368,2022-07-11,2022-06-25
1542524090430345216,2022-07-11,2022-06-30
1531273868140171264,2022-07-11,2022-05-30
1533835957379956736,2022-07-12,2022-06-06
1536373728639995904,2022-07-12,2022-06-13
1539785322468212736,2022-07-12,2022-06-23
1540630497008570368,2022-07-12,2022-06-25
1542524090430345216,2022-07-12,2022-06-30
1533835957379956736,2022-07-13,2022-06-06
1536373728639995904,2022-07-13,2022-06-13
1539785322468212736,2022-07-13,2022-06-23
1540630497008570368,2022-07-13,2022-06-25
1542524090430345216,2022-07-13,2022-06-30
1533451615403126784,2022-07-13,2022-06-05
1533835957379956736,2022-07-14,2022-06-06
1536373728639995904,2022-07-14,2022-06-13
1539785322468212736,2022-07-14,2022-06-23
1540630497008570368,2022-07-14,2022-06-25
1542524090430345216,2022-07-14,2022-06-30
1533451615403126784,2022-07-14,2022-06-05
1533835957379956736,2022-07-15,2022-06-06
1536373728639995904,2022-07-15,2022-06-13
1539785322468212736,2022-07-15,2022-06-23
1540630497008570368,2022-07-15,2022-06-25
1542524090430345216,2022-07-15,2022-06-30
1533451615403126784,2022-07-15,2022-06-05
1533835957379956736,2022-07-16,2022-06-06
1536373728639995904,2022-07-16,2022-06-13
1539785322468212736,2022-07-16,2022-06-23
1540630497008570368,2022-07-16,2022-06-25
1542524090430345216,2022-07-16,2022-06-30
1533451615403126784,2022-07-16,2022-06-05
1533835957379956736,2022-07-17,2022-06-06
1536373728639995904,2022-07-17,2022-06-13
1539785322468212736,2022-07-17,2022-06-23
1540630497008570368,2022-07-17,2022-06-25
1542524090430345216,2022-07-17,2022-06-30
1533451615403126784,2022-07-17,2022-06-05
1533835957379956736,2022-07-18,2022-06-06
1536373728639995904,2022-07-18,2022-06-13
1539785322468212736,2022-07-18,2022-06-23
1540630497008570368,2022-07-18,2022-06-25
1542524090430345216,2022-07-18,2022-06-30
1536373728639995904,2022-07-19,2022-06-13
1539785322468212736,2022-07-19,2022-06-23
1540630497008570368,2022-07-19,2022-06-25
1542524090430345216,2022-07-19,2022-06-30
1534576673563332608,2022-07-19,2022-06-08
1536373728639995904,2022-07-20,2022-06-13
1539785322468212736,2022-07-20,2022-06-23
1540630497008570368,2022-07-20,2022-06-25
1542524090430345216,2022-07-20,2022-06-30
1534576673563332608,2022-07-20,2022-06-08
1536373728639995904,2022-07-21,2022-06-13
1539785322468212736,2022-07-21,2022-06-23
1540630497008570368,2022-07-21,2022-06-25
1542524090430345216,2022-07-21,2022-06-30
1536373728639995904,2022-07-22,2022-06-13
1539785322468212736,2022-07-22,2022-06-23
1540630497008570368,2022-07-22,2022-06-25
1542524090430345216,2022-07-22,2022-06-30
1536373728639995904,2022-07-23,2022-06-13
1539785322468212736,2022-07-23,2022-06-23
1540630497008570368,2022-07-23,2022-06-25
1542524090430345216,2022-07-23,2022-06-30
1536012498008035328,2022-07-23,2022-06-12
1536019392030334976,2022-07-23,2022-06-12
1536373728639995904,2022-07-24,2022-06-13
1539785322468212736,2022-07-24,2022-06-23
1540630497008570368,2022-07-24,2022-06-25
1542524090430345216,2022-07-24,2022-06-30
1536012498008035328,2022-07-24,2022-06-12
1536019392030334976,2022-07-24,2022-06-12
1536373728639995904,2022-07-25,2022-06-13
1539785322468212736,2022-07-25,2022-06-23
1540630497008570368,2022-07-25,2022-06-25
1542524090430345216,2022-07-25,2022-06-30
1536366248379838464,2022-07-25,2022-06-13
1539785322468212736,2022-07-26,2022-06-23
1540630497008570368,2022-07-26,2022-06-25
1542524090430345216,2022-07-26,2022-06-30
1536854772858335232,2022-07-26,2022-06-14
1539785322468212736,2022-07-27,2022-06-23
1540630497008570368,2022-07-27,2022-06-25
1542524090430345216,2022-07-27,2022-06-30
1539785322468212736,2022-07-28,2022-06-23
1540630497008570368,2022-07-28,2022-06-25
1542524090430345216,2022-07-28,2022-06-30
1539785322468212736,2022-07-29,2022-06-23
1540630497008570368,2022-07-29,2022-06-25
1542524090430345216,2022-07-29,2022-06-30
1539785322468212736,2022-07-30,2022-06-23
1540630497008570368,2022-07-30,2022-06-25
1542524090430345216,2022-07-30,2022-06-30
1539785322468212736,2022-07-31,2022-06-23
1540630497008570368,2022-07-31,2022-06-25
1542524090430345216,2022-07-31,2022-06-30
1538590672563113984,2022-07-31,2022-06-19
1539785322468212736,2022-08-01,2022-06-23
1540630497008570368,2022-08-01,2022-06-25
1542524090430345216,2022-08-01,2022-06-30
1539785322468212736,2022-08-02,2022-06-23
1540630497008570368,2022-08-02,2022-06-25
1542524090430345216,2022-08-02,2022-06-30
1539785322468212736,2022-08-03,2022-06-23
1540630497008570368,2022-08-03,2022-06-25
1542524090430345216,2022-08-03,2022-06-30
1539785322468212736,2022-08-04,2022-06-23
1540630497008570368,2022-08-04,2022-06-25
1542524090430345216,2022-08-04,2022-06-30
1540630497008570368,2022-08-05,2022-06-25
1542524090430345216,2022-08-05,2022-06-30
1540630497008570368,2022-08-06,2022-06-25
1542524090430345216,2022-08-06,2022-06-30
1542524090430345216,2022-08-07,2022-06-30
1542524090430345216,2022-08-08,2022-06-30
1542524090430345216,2022-08-09,2022-06-30
1542524090430345216,2022-08-10,2022-06-30
1542524090430345216,2022-08-11,2022-06-30
