node_id,yinshi_w_value,xianshi_w_value
1455041322792808448,2021-11-01,2021-11-02
1455041322792808448,2021-11-01,2021-11-03
1455041322792808448,2021-11-01,2021-11-04
1455041322792808448,2021-11-01,2021-11-05
1456441701891936512,2021-11-05,2021-11-06
1455041322792808448,2021-11-01,2021-11-06
1456441701891936512,2021-11-05,2021-11-07
1455041322792808448,2021-11-01,2021-11-07
1457408925842620416,2021-11-07,2021-11-08
1456441701891936512,2021-11-05,2021-11-08
1455041322792808448,2021-11-01,2021-11-08
1457408925842620416,2021-11-07,2021-11-09
1456441701891936512,2021-11-05,2021-11-09
1455041322792808448,2021-11-01,2021-11-09
1457408925842620416,2021-11-07,2021-11-10
1456441701891936512,2021-11-05,2021-11-10
1455041322792808448,2021-11-01,2021-11-10
1457408925842620416,2021-11-07,2021-11-11
1458355767216586752,2021-11-10,2021-11-11
1456441701891936512,2021-11-05,2021-11-11
1455041322792808448,2021-11-01,2021-11-11
1458373069026824192,2021-11-10,2021-11-11
1457408925842620416,2021-11-07,2021-11-12
1458355767216586752,2021-11-10,2021-11-12
1456441701891936512,2021-11-05,2021-11-12
1455041322792808448,2021-11-01,2021-11-12
1458373069026824192,2021-11-10,2021-11-12
1457408925842620416,2021-11-07,2021-11-13
1458355767216586752,2021-11-10,2021-11-13
1456441701891936512,2021-11-05,2021-11-13
1455041322792808448,2021-11-01,2021-11-13
1458373069026824192,2021-11-10,2021-11-13
1457408925842620416,2021-11-07,2021-11-14
1458355767216586752,2021-11-10,2021-11-14
1456441701891936512,2021-11-05,2021-11-14
1455041322792808448,2021-11-01,2021-11-14
1458373069026824192,2021-11-10,2021-11-14
1457408925842620416,2021-11-07,2021-11-15
1458355767216586752,2021-11-10,2021-11-15
1456441701891936512,2021-11-05,2021-11-15
1455041322792808448,2021-11-01,2021-11-15
1458373069026824192,2021-11-10,2021-11-15
1457408925842620416,2021-11-07,2021-11-16
1458355767216586752,2021-11-10,2021-11-16
1456441701891936512,2021-11-05,2021-11-16
1455041322792808448,2021-11-01,2021-11-16
1458373069026824192,2021-11-10,2021-11-16
1460193074278113280,2021-11-15,2021-11-16
1457408925842620416,2021-11-07,2021-11-17
1458355767216586752,2021-11-10,2021-11-17
1456441701891936512,2021-11-05,2021-11-17
1455041322792808448,2021-11-01,2021-11-17
1458373069026824192,2021-11-10,2021-11-17
1460193074278113280,2021-11-15,2021-11-17
1457408925842620416,2021-11-07,2021-11-18
1458355767216586752,2021-11-10,2021-11-18
1456441701891936512,2021-11-05,2021-11-18
1455041322792808448,2021-11-01,2021-11-18
1458373069026824192,2021-11-10,2021-11-18
1460193074278113280,2021-11-15,2021-11-18
1457408925842620416,2021-11-07,2021-11-19
1458355767216586752,2021-11-10,2021-11-19
1456441701891936512,2021-11-05,2021-11-19
1455041322792808448,2021-11-01,2021-11-19
1458373069026824192,2021-11-10,2021-11-19
1460193074278113280,2021-11-15,2021-11-19
1457408925842620416,2021-11-07,2021-11-20
1458355767216586752,2021-11-10,2021-11-20
1456441701891936512,2021-11-05,2021-11-20
1455041322792808448,2021-11-01,2021-11-20
1458373069026824192,2021-11-10,2021-11-20
1460193074278113280,2021-11-15,2021-11-20
1457408925842620416,2021-11-07,2021-11-21
1458355767216586752,2021-11-10,2021-11-21
1456441701891936512,2021-11-05,2021-11-21
1455041322792808448,2021-11-01,2021-11-21
1458373069026824192,2021-11-10,2021-11-21
1460193074278113280,2021-11-15,2021-11-21
1457408925842620416,2021-11-07,2021-11-22
1458355767216586752,2021-11-10,2021-11-22
1456441701891936512,2021-11-05,2021-11-22
1455041322792808448,2021-11-01,2021-11-22
1458373069026824192,2021-11-10,2021-11-22
1460193074278113280,2021-11-15,2021-11-22
1457408925842620416,2021-11-07,2021-11-23
1458355767216586752,2021-11-10,2021-11-23
1456441701891936512,2021-11-05,2021-11-23
1455041322792808448,2021-11-01,2021-11-23
1458373069026824192,2021-11-10,2021-11-23
1460193074278113280,2021-11-15,2021-11-23
1452580366355611648,2021-10-25,2021-11-23
1457408925842620416,2021-11-07,2021-11-24
1458355767216586752,2021-11-10,2021-11-24
1456441701891936512,2021-11-05,2021-11-24
1455041322792808448,2021-11-01,2021-11-24
1458373069026824192,2021-11-10,2021-11-24
1460193074278113280,2021-11-15,2021-11-24
1452580366355611648,2021-10-25,2021-11-24
1457408925842620416,2021-11-07,2021-11-25
1458355767216586752,2021-11-10,2021-11-25
1456441701891936512,2021-11-05,2021-11-25
1455041322792808448,2021-11-01,2021-11-25
1458373069026824192,2021-11-10,2021-11-25
1460193074278113280,2021-11-15,2021-11-25
1457408925842620416,2021-11-07,2021-11-26
1458355767216586752,2021-11-10,2021-11-26
1456441701891936512,2021-11-05,2021-11-26
1455041322792808448,2021-11-01,2021-11-26
1458373069026824192,2021-11-10,2021-11-26
1460193074278113280,2021-11-15,2021-11-26
1463901335581908992,2021-11-25,2021-11-26
1457408925842620416,2021-11-07,2021-11-27
1458355767216586752,2021-11-10,2021-11-27
1456441701891936512,2021-11-05,2021-11-27
1455041322792808448,2021-11-01,2021-11-27
1458373069026824192,2021-11-10,2021-11-27
1460193074278113280,2021-11-15,2021-11-27
1463901335581908992,2021-11-25,2021-11-27
1452580366355611648,2021-10-25,2021-11-27
1457408925842620416,2021-11-07,2021-11-28
1458355767216586752,2021-11-10,2021-11-28
1456441701891936512,2021-11-05,2021-11-28
1455041322792808448,2021-11-01,2021-11-28
1458373069026824192,2021-11-10,2021-11-28
1460193074278113280,2021-11-15,2021-11-28
1463901335581908992,2021-11-25,2021-11-28
1452580366355611648,2021-10-25,2021-11-28
1457408925842620416,2021-11-07,2021-11-29
1458355767216586752,2021-11-10,2021-11-29
1456441701891936512,2021-11-05,2021-11-29
1455041322792808448,2021-11-01,2021-11-29
1458373069026824192,2021-11-10,2021-11-29
1460193074278113280,2021-11-15,2021-11-29
1463901335581908992,2021-11-25,2021-11-29
1452580366355611648,2021-10-25,2021-11-29
1457408925842620416,2021-11-07,2021-11-30
1458355767216586752,2021-11-10,2021-11-30
1456441701891936512,2021-11-05,2021-11-30
1455041322792808448,2021-11-01,2021-11-30
1458373069026824192,2021-11-10,2021-11-30
1460193074278113280,2021-11-15,2021-11-30
1463901335581908992,2021-11-25,2021-11-30
1452580366355611648,2021-10-25,2021-11-30
1457408925842620416,2021-11-07,2021-12-01
1458355767216586752,2021-11-10,2021-12-01
1456441701891936512,2021-11-05,2021-12-01
1455041322792808448,2021-11-01,2021-12-01
1458373069026824192,2021-11-10,2021-12-01
1460193074278113280,2021-11-15,2021-12-01
1463901335581908992,2021-11-25,2021-12-01
1452580366355611648,2021-10-25,2021-12-01
1457408925842620416,2021-11-07,2021-12-02
1458355767216586752,2021-11-10,2021-12-02
1456441701891936512,2021-11-05,2021-12-02
1455041322792808448,2021-11-01,2021-12-02
1458373069026824192,2021-11-10,2021-12-02
1460193074278113280,2021-11-15,2021-12-02
1465963507690598400,2021-12-01,2021-12-02
1463901335581908992,2021-11-25,2021-12-02
1452580366355611648,2021-10-25,2021-12-02
1457408925842620416,2021-11-07,2021-12-03
1458355767216586752,2021-11-10,2021-12-03
1456441701891936512,2021-11-05,2021-12-03
1455041322792808448,2021-11-01,2021-12-03
1458373069026824192,2021-11-10,2021-12-03
1460193074278113280,2021-11-15,2021-12-03
1465963507690598400,2021-12-01,2021-12-03
1463901335581908992,2021-11-25,2021-12-03
1452580366355611648,2021-10-25,2021-12-03
1457408925842620416,2021-11-07,2021-12-04
1458355767216586752,2021-11-10,2021-12-04
1456441701891936512,2021-11-05,2021-12-04
1455041322792808448,2021-11-01,2021-12-04
1458373069026824192,2021-11-10,2021-12-04
1460193074278113280,2021-11-15,2021-12-04
1465963507690598400,2021-12-01,2021-12-04
1463901335581908992,2021-11-25,2021-12-04
1452580366355611648,2021-10-25,2021-12-04
1457408925842620416,2021-11-07,2021-12-05
1458355767216586752,2021-11-10,2021-12-05
1456441701891936512,2021-11-05,2021-12-05
1455041322792808448,2021-11-01,2021-12-05
1458373069026824192,2021-11-10,2021-12-05
1460193074278113280,2021-11-15,2021-12-05
1465963507690598400,2021-12-01,2021-12-05
1463901335581908992,2021-11-25,2021-12-05
1452580366355611648,2021-10-25,2021-12-05
1457408925842620416,2021-11-07,2021-12-06
1458355767216586752,2021-11-10,2021-12-06
1456441701891936512,2021-11-05,2021-12-06
1455041322792808448,2021-11-01,2021-12-06
1458373069026824192,2021-11-10,2021-12-06
1460193074278113280,2021-11-15,2021-12-06
1465963507690598400,2021-12-01,2021-12-06
1463901335581908992,2021-11-25,2021-12-06
1452580366355611648,2021-10-25,2021-12-06
1457408925842620416,2021-11-07,2021-12-07
1458355767216586752,2021-11-10,2021-12-07
1456441701891936512,2021-11-05,2021-12-07
1455041322792808448,2021-11-01,2021-12-07
1458373069026824192,2021-11-10,2021-12-07
1460193074278113280,2021-11-15,2021-12-07
1465963507690598400,2021-12-01,2021-12-07
1463901335581908992,2021-11-25,2021-12-07
1457408925842620416,2021-11-07,2021-12-08
1458355767216586752,2021-11-10,2021-12-08
1456441701891936512,2021-11-05,2021-12-08
1455041322792808448,2021-11-01,2021-12-08
1458373069026824192,2021-11-10,2021-12-08
1460193074278113280,2021-11-15,2021-12-08
1465963507690598400,2021-12-01,2021-12-08
1463901335581908992,2021-11-25,2021-12-08
1457408925842620416,2021-11-07,2021-12-09
1458355767216586752,2021-11-10,2021-12-09
1456441701891936512,2021-11-05,2021-12-09
1455041322792808448,2021-11-01,2021-12-09
1458373069026824192,2021-11-10,2021-12-09
1460193074278113280,2021-11-15,2021-12-09
1465963507690598400,2021-12-01,2021-12-09
1463901335581908992,2021-11-25,2021-12-09
1457408925842620416,2021-11-07,2021-12-10
1458355767216586752,2021-11-10,2021-12-10
1456441701891936512,2021-11-05,2021-12-10
1455041322792808448,2021-11-01,2021-12-10
1458373069026824192,2021-11-10,2021-12-10
1460193074278113280,2021-11-15,2021-12-10
1465963507690598400,2021-12-01,2021-12-10
1463901335581908992,2021-11-25,2021-12-10
1457408925842620416,2021-11-07,2021-12-11
1458355767216586752,2021-11-10,2021-12-11
1456441701891936512,2021-11-05,2021-12-11
1455041322792808448,2021-11-01,2021-12-11
1458373069026824192,2021-11-10,2021-12-11
1460193074278113280,2021-11-15,2021-12-11
1465963507690598400,2021-12-01,2021-12-11
1463901335581908992,2021-11-25,2021-12-11
1457408925842620416,2021-11-07,2021-12-12
1458355767216586752,2021-11-10,2021-12-12
1456441701891936512,2021-11-05,2021-12-12
1455041322792808448,2021-11-01,2021-12-12
1458373069026824192,2021-11-10,2021-12-12
1460193074278113280,2021-11-15,2021-12-12
1465963507690598400,2021-12-01,2021-12-12
1463901335581908992,2021-11-25,2021-12-12
1457408925842620416,2021-11-07,2021-12-13
1458355767216586752,2021-11-10,2021-12-13
1456441701891936512,2021-11-05,2021-12-13
1458373069026824192,2021-11-10,2021-12-13
1460193074278113280,2021-11-15,2021-12-13
1465963507690598400,2021-12-01,2021-12-13
1463901335581908992,2021-11-25,2021-12-13
1455366798665125888,2021-11-02,2021-12-13
1457408925842620416,2021-11-07,2021-12-14
1458355767216586752,2021-11-10,2021-12-14
1456441701891936512,2021-11-05,2021-12-14
1458373069026824192,2021-11-10,2021-12-14
1460193074278113280,2021-11-15,2021-12-14
1465963507690598400,2021-12-01,2021-12-14
1463901335581908992,2021-11-25,2021-12-14
1455366798665125888,2021-11-02,2021-12-14
1455447814247383040,2021-11-02,2021-12-14
1457408925842620416,2021-11-07,2021-12-15
1458355767216586752,2021-11-10,2021-12-15
1456441701891936512,2021-11-05,2021-12-15
1458373069026824192,2021-11-10,2021-12-15
1460193074278113280,2021-11-15,2021-12-15
1465963507690598400,2021-12-01,2021-12-15
1463901335581908992,2021-11-25,2021-12-15
1455837117255352300,2021-11-03,2021-12-15
1457408925842620416,2021-11-07,2021-12-16
1458355767216586752,2021-11-10,2021-12-16
1456441701891936512,2021-11-05,2021-12-16
1458373069026824192,2021-11-10,2021-12-16
1460193074278113280,2021-11-15,2021-12-16
1465963507690598400,2021-12-01,2021-12-16
1463901335581908992,2021-11-25,2021-12-16
1456101225162625024,2021-11-04,2021-12-16
1456792028705169408,2021-11-06,2021-12-16
1457408925842620416,2021-11-07,2021-12-17
1458355767216586752,2021-11-10,2021-12-17
1456441701891936512,2021-11-05,2021-12-17
1458373069026824192,2021-11-10,2021-12-17
1460193074278113280,2021-11-15,2021-12-17
1465963507690598400,2021-12-01,2021-12-17
1463901335581908992,2021-11-25,2021-12-17
1456792028705169408,2021-11-06,2021-12-17
1457408919660228608,2021-11-07,2021-12-17
1457408919660228600,2021-11-07,2021-12-17
1457408925842620416,2021-11-07,2021-12-18
1458355767216586752,2021-11-10,2021-12-18
1458373069026824192,2021-11-10,2021-12-18
1460193074278113280,2021-11-15,2021-12-18
1465963507690598400,2021-12-01,2021-12-18
1463901335581908992,2021-11-25,2021-12-18
1456792028705169408,2021-11-06,2021-12-18
1457408919660228608,2021-11-07,2021-12-18
1457408919660228600,2021-11-07,2021-12-18
1457408925842620416,2021-11-07,2021-12-19
1458355767216586752,2021-11-10,2021-12-19
1458373069026824192,2021-11-10,2021-12-19
1460193074278113280,2021-11-15,2021-12-19
1465963507690598400,2021-12-01,2021-12-19
1463901335581908992,2021-11-25,2021-12-19
1457408919660228608,2021-11-07,2021-12-19
1457408919660228600,2021-11-07,2021-12-19
1458355767216586752,2021-11-10,2021-12-20
1458373069026824192,2021-11-10,2021-12-20
1460193074278113280,2021-11-15,2021-12-20
1465963507690598400,2021-12-01,2021-12-20
1463901335581908992,2021-11-25,2021-12-20
1458355764536520704,2021-11-10,2021-12-20
1458355767216586752,2021-11-10,2021-12-21
1472801219085496320,2021-12-20,2021-12-21
1458373069026824192,2021-11-10,2021-12-21
1460193074278113280,2021-11-15,2021-12-21
1465963507690598400,2021-12-01,2021-12-21
1463901335581908992,2021-11-25,2021-12-21
1458355764536520704,2021-11-10,2021-12-21
1458355767216586752,2021-11-10,2021-12-22
1472801219085496320,2021-12-20,2021-12-22
1458373069026824192,2021-11-10,2021-12-22
1460193074278113280,2021-11-15,2021-12-22
1465963507690598400,2021-12-01,2021-12-22
1463901335581908992,2021-11-25,2021-12-22
1458355764536520704,2021-11-10,2021-12-22
1472801219085496320,2021-12-20,2021-12-23
1460193074278113280,2021-11-15,2021-12-23
1465963507690598400,2021-12-01,2021-12-23
1463901335581908992,2021-11-25,2021-12-23
1459001408489881600,2021-11-12,2021-12-23
1459047733629644800,2021-11-12,2021-12-23
1472801219085496320,2021-12-20,2021-12-24
1460193074278113280,2021-11-15,2021-12-24
1465963507690598400,2021-12-01,2021-12-24
1463901335581908992,2021-11-25,2021-12-24
1459001408489881600,2021-11-12,2021-12-24
1459047733629644800,2021-11-12,2021-12-24
1459151307831402496,2021-11-12,2021-12-24
1472801219085496320,2021-12-20,2021-12-25
1460193074278113280,2021-11-15,2021-12-25
1465963507690598400,2021-12-01,2021-12-25
1463901335581908992,2021-11-25,2021-12-25
1472801219085496320,2021-12-20,2021-12-26
1460193074278113280,2021-11-15,2021-12-26
1465963507690598400,2021-12-01,2021-12-26
1463901335581908992,2021-11-25,2021-12-26
1472801219085496320,2021-12-20,2021-12-27
1460193074278113280,2021-11-15,2021-12-27
1465963507690598400,2021-12-01,2021-12-27
1463901335581908992,2021-11-25,2021-12-27
1472801219085496320,2021-12-20,2021-12-28
1465963507690598400,2021-12-01,2021-12-28
1463901335581908992,2021-11-25,2021-12-28
1472801219085496320,2021-12-20,2021-12-29
1465963507690598400,2021-12-01,2021-12-29
1463901335581908992,2021-11-25,2021-12-29
1472801219085496320,2021-12-20,2021-12-30
1465963507690598400,2021-12-01,2021-12-30
1463901335581908992,2021-11-25,2021-12-30
1472801219085496320,2021-12-20,2021-12-31
1465963507690598400,2021-12-01,2021-12-31
1476481556231639040,2021-12-30,2021-12-31
1463901335581908992,2021-11-25,2021-12-31
1461632538129027072,2021-11-19,2021-12-31
1472801219085496320,2021-12-20,2022-01-01
1465963507690598400,2021-12-01,2022-01-01
1476481556231639040,2021-12-30,2022-01-01
1463901335581908992,2021-11-25,2022-01-01
1462630153532547072,2021-11-22,2022-01-01
1472801219085496320,2021-12-20,2022-01-02
1465963507690598400,2021-12-01,2022-01-02
1476481556231639040,2021-12-30,2022-01-02
1463901335581908992,2021-11-25,2022-01-02
1462630153532547072,2021-11-22,2022-01-02
1472801219085496320,2021-12-20,2022-01-03
1465963507690598400,2021-12-01,2022-01-03
1476481556231639040,2021-12-30,2022-01-03
1463901335581908992,2021-11-25,2022-01-03
1462630153532547072,2021-11-22,2022-01-03
1462808070321360896,2021-11-22,2022-01-03
1472801219085496320,2021-12-20,2022-01-04
1465963507690598400,2021-12-01,2022-01-04
1476481556231639040,2021-12-30,2022-01-04
1463901335581908992,2021-11-25,2022-01-04
1462977330062630912,2021-11-23,2022-01-04
1472801219085496320,2021-12-20,2022-01-05
1465963507690598400,2021-12-01,2022-01-05
1476481556231639040,2021-12-30,2022-01-05
1463901335581908992,2021-11-25,2022-01-05
1472801219085496320,2021-12-20,2022-01-06
1465963507690598400,2021-12-01,2022-01-06
1476481556231639040,2021-12-30,2022-01-06
1463901335581908992,2021-11-25,2022-01-06
1463907871762960384,2021-11-25,2022-01-06
1472801219085496320,2021-12-20,2022-01-07
1465963507690598400,2021-12-01,2022-01-07
1476481556231639040,2021-12-30,2022-01-07
1464136859295092736,2021-11-26,2022-01-07
1464509819860119552,2021-11-27,2022-01-07
1472801219085496320,2021-12-20,2022-01-08
1465963507690598400,2021-12-01,2022-01-08
1476481556231639040,2021-12-30,2022-01-08
1464509819860119552,2021-11-27,2022-01-08
1464928472543875072,2021-11-28,2022-01-08
1465243171764330496,2021-11-29,2022-01-08
1472801219085496320,2021-12-20,2022-01-09
1465963507690598400,2021-12-01,2022-01-09
1476481556231639040,2021-12-30,2022-01-09
1464928472543875072,2021-11-28,2022-01-09
1465243171764330496,2021-11-29,2022-01-09
1465588427336732672,2021-11-30,2022-01-09
1472801219085496320,2021-12-20,2022-01-10
1465963507690598400,2021-12-01,2022-01-10
1476481556231639040,2021-12-30,2022-01-10
1465243171764330496,2021-11-29,2022-01-10
1465588427336732672,2021-11-30,2022-01-10
1472801219085496320,2021-12-20,2022-01-11
1465963507690598400,2021-12-01,2022-01-11
1476481556231639040,2021-12-30,2022-01-11
1465588427336732672,2021-11-30,2022-01-11
1472801219085496320,2021-12-20,2022-01-12
1465963507690598400,2021-12-01,2022-01-12
1476481556231639040,2021-12-30,2022-01-12
1472801219085496320,2021-12-20,2022-01-13
1476481556231639040,2021-12-30,2022-01-13
1472801219085496320,2021-12-20,2022-01-14
1476481556231639040,2021-12-30,2022-01-14
1467795492751163392,2021-12-06,2022-01-14
1472801219085496320,2021-12-20,2022-01-15
1476481556231639040,2021-12-30,2022-01-15
1467795492751163392,2021-12-06,2022-01-15
1468113536954281984,2021-12-07,2022-01-15
1472801219085496320,2021-12-20,2022-01-16
1482326787665371136,2022-01-15,2022-01-16
1476481556231639040,2021-12-30,2022-01-16
1467795492751163392,2021-12-06,2022-01-16
1468113536954281984,2021-12-07,2022-01-16
1472801219085496320,2021-12-20,2022-01-17
1482326787665371136,2022-01-15,2022-01-17
1476481556231639040,2021-12-30,2022-01-17
1467795492751163392,2021-12-06,2022-01-17
1468113536954281984,2021-12-07,2022-01-17
1468485976972742912,2021-12-08,2022-01-17
1472801219085496320,2021-12-20,2022-01-18
1482326787665371136,2022-01-15,2022-01-18
1476481556231639040,2021-12-30,2022-01-18
1468113536954281984,2021-12-07,2022-01-18
1468485976972742912,2021-12-08,2022-01-18
1472801219085496320,2021-12-20,2022-01-19
1482326787665371136,2022-01-15,2022-01-19
1483444321160421376,2022-01-18,2022-01-19
1476481556231639040,2021-12-30,2022-01-19
1468485976972742912,2021-12-08,2022-01-19
1472801219085496320,2021-12-20,2022-01-20
1482326787665371136,2022-01-15,2022-01-20
1483444321160421376,2022-01-18,2022-01-20
1476481556231639040,2021-12-30,2022-01-20
1469969976568139776,2021-12-12,2022-01-20
1472801219085496320,2021-12-20,2022-01-21
1482326787665371136,2022-01-15,2022-01-21
1483444321160421376,2022-01-18,2022-01-21
1476481556231639040,2021-12-30,2022-01-21
1469969976568139776,2021-12-12,2022-01-21
1472801219085496320,2021-12-20,2022-01-22
1482326787665371136,2022-01-15,2022-01-22
1483444321160421376,2022-01-18,2022-01-22
1476481556231639040,2021-12-30,2022-01-22
1469969976568139776,2021-12-12,2022-01-22
1472801219085496320,2021-12-20,2022-01-23
1482326787665371136,2022-01-15,2022-01-23
1483444321160421376,2022-01-18,2022-01-23
1476481556231639040,2021-12-30,2022-01-23
1469969976568139776,2021-12-12,2022-01-23
1472801219085496320,2021-12-20,2022-01-24
1482326787665371136,2022-01-15,2022-01-24
1483444321160421376,2022-01-18,2022-01-24
1476481556231639040,2021-12-30,2022-01-24
1471315258832658432,2021-12-16,2022-01-24
1472801219085496320,2021-12-20,2022-01-25
1482326787665371136,2022-01-15,2022-01-25
1483444321160421376,2022-01-18,2022-01-25
1476481556231639040,2021-12-30,2022-01-25
1471315258832658432,2021-12-16,2022-01-25
1472801219085496320,2021-12-20,2022-01-26
1482326787665371136,2022-01-15,2022-01-26
1483444321160421376,2022-01-18,2022-01-26
1476481556231639040,2021-12-30,2022-01-26
1471315258832658432,2021-12-16,2022-01-26
1472801219085496320,2021-12-20,2022-01-27
1482326787665371136,2022-01-15,2022-01-27
1483444321160421376,2022-01-18,2022-01-27
1476481556231639040,2021-12-30,2022-01-27
1471315258832658432,2021-12-16,2022-01-27
1471732125435330560,2021-12-17,2022-01-27
1472199423287386112,2021-12-18,2022-01-27
1472801219085496320,2021-12-20,2022-01-28
1482326787665371136,2022-01-15,2022-01-28
1483444321160421376,2022-01-18,2022-01-28
1476481556231639040,2021-12-30,2022-01-28
1471732125435330560,2021-12-17,2022-01-28
1472199423287386112,2021-12-18,2022-01-28
1472801219085496320,2021-12-20,2022-01-29
1482326787665371136,2022-01-15,2022-01-29
1483444321160421376,2022-01-18,2022-01-29
1476481556231639040,2021-12-30,2022-01-29
1472199423287386112,2021-12-18,2022-01-29
1472801219085496320,2021-12-20,2022-01-30
1482326787665371136,2022-01-15,2022-01-30
1483444321160421376,2022-01-18,2022-01-30
1476481556231639040,2021-12-30,2022-01-30
1472801219085496320,2021-12-20,2022-01-31
1482326787665371136,2022-01-15,2022-01-31
1483444321160421376,2022-01-18,2022-01-31
1476481556231639040,2021-12-30,2022-01-31
1482326787665371136,2022-01-15,2022-02-01
1483444321160421376,2022-01-18,2022-02-01
1476481556231639040,2021-12-30,2022-02-01
1475370401228538112,2021-12-27,2022-02-01
1482326787665371136,2022-01-15,2022-02-02
1483444321160421376,2022-01-18,2022-02-02
1476481556231639040,2021-12-30,2022-02-02
1475370401228538112,2021-12-27,2022-02-02
1482326787665371136,2022-01-15,2022-02-03
1483444321160421376,2022-01-18,2022-02-03
1476481556231639040,2021-12-30,2022-02-03
1475370401228538112,2021-12-27,2022-02-03
1475837427617247232,2021-12-28,2022-02-03
1482326787665371136,2022-01-15,2022-02-04
1483444321160421376,2022-01-18,2022-02-04
1476481556231639040,2021-12-30,2022-02-04
1475370401228538112,2021-12-27,2022-02-04
1475837427617247232,2021-12-28,2022-02-04
1482326787665371136,2022-01-15,2022-02-05
1483444321160421376,2022-01-18,2022-02-05
1476481556231639040,2021-12-30,2022-02-05
1475370401228538112,2021-12-27,2022-02-05
1475837427617247232,2021-12-28,2022-02-05
1482326787665371136,2022-01-15,2022-02-06
1483444321160421376,2022-01-18,2022-02-06
1476481556231639040,2021-12-30,2022-02-06
1475370401228538112,2021-12-27,2022-02-06
1475837427617247232,2021-12-28,2022-02-06
1482326787665371136,2022-01-15,2022-02-07
1483444321160421376,2022-01-18,2022-02-07
1476481556231639040,2021-12-30,2022-02-07
1475370401228538112,2021-12-27,2022-02-07
1475837427617247232,2021-12-28,2022-02-07
1482326787665371136,2022-01-15,2022-02-08
1483444321160421376,2022-01-18,2022-02-08
1490690095162273792,2022-02-07,2022-02-08
1476481556231639040,2021-12-30,2022-02-08
1475837427617247232,2021-12-28,2022-02-08
1476448781088755712,2021-12-30,2022-02-08
1482326787665371136,2022-01-15,2022-02-09
1483444321160421376,2022-01-18,2022-02-09
1490690095162273792,2022-02-07,2022-02-09
1476481556231639040,2021-12-30,2022-02-09
1476448781088755712,2021-12-30,2022-02-09
1478292404235300864,2022-01-04,2022-02-09
1482326787665371136,2022-01-15,2022-02-10
1483444321160421376,2022-01-18,2022-02-10
1490690095162273792,2022-02-07,2022-02-10
1476481556231639040,2021-12-30,2022-02-10
1476448781088755712,2021-12-30,2022-02-10
1478292404235300864,2022-01-04,2022-02-10
1478722585537908736,2022-01-05,2022-02-10
1482326787665371136,2022-01-15,2022-02-11
1483444321160421376,2022-01-18,2022-02-11
1490690095162273792,2022-02-07,2022-02-11
1491695160735895552,2022-02-10,2022-02-11
1478292404235300864,2022-01-04,2022-02-11
1478722585537908736,2022-01-05,2022-02-11
1479345689113276416,2022-01-07,2022-02-11
1482326787665371136,2022-01-15,2022-02-12
1483444321160421376,2022-01-18,2022-02-12
1490690095162273792,2022-02-07,2022-02-12
1491695160735895552,2022-02-10,2022-02-12
1478292404235300864,2022-01-04,2022-02-12
1478722585537908736,2022-01-05,2022-02-12
1479345689113276416,2022-01-07,2022-02-12
1482326787665371136,2022-01-15,2022-02-13
1483444321160421376,2022-01-18,2022-02-13
1490690095162273792,2022-02-07,2022-02-13
1491695160735895552,2022-02-10,2022-02-13
1478292404235300864,2022-01-04,2022-02-13
1478722585537908736,2022-01-05,2022-02-13
1479345689113276416,2022-01-07,2022-02-13
1482326787665371136,2022-01-15,2022-02-14
1483444321160421376,2022-01-18,2022-02-14
1490690095162273792,2022-02-07,2022-02-14
1491695160735895552,2022-02-10,2022-02-14
1478292404235300864,2022-01-04,2022-02-14
1478722585537908736,2022-01-05,2022-02-14
1479345689113276416,2022-01-07,2022-02-14
1482326787665371136,2022-01-15,2022-02-15
1483444321160421376,2022-01-18,2022-02-15
1490690095162273792,2022-02-07,2022-02-15
1491695160735895552,2022-02-10,2022-02-15
1478292404235300864,2022-01-04,2022-02-15
1478722585537908736,2022-01-05,2022-02-15
1479345689113276416,2022-01-07,2022-02-15
1482326787665371136,2022-01-15,2022-02-16
1483444321160421376,2022-01-18,2022-02-16
1490690095162273792,2022-02-07,2022-02-16
1491695160735895552,2022-02-10,2022-02-16
1478722585537908736,2022-01-05,2022-02-16
1479345689113276416,2022-01-07,2022-02-16
1482326787665371136,2022-01-15,2022-02-17
1483444321160421376,2022-01-18,2022-02-17
1490690095162273792,2022-02-07,2022-02-17
1491695160735895552,2022-02-10,2022-02-17
1479345689113276416,2022-01-07,2022-02-17
1482326787665371136,2022-01-15,2022-02-18
1483444321160421376,2022-01-18,2022-02-18
1490690095162273792,2022-02-07,2022-02-18
1491695160735895552,2022-02-10,2022-02-18
1479345689113276416,2022-01-07,2022-02-18
1482326787665371136,2022-01-15,2022-02-19
1483444321160421376,2022-01-18,2022-02-19
1490690095162273792,2022-02-07,2022-02-19
1491695160735895552,2022-02-10,2022-02-19
1482326335343276000,2022-01-15,2022-02-19
1482326787665371136,2022-01-15,2022-02-20
1483444321160421376,2022-01-18,2022-02-20
1490690095162273792,2022-02-07,2022-02-20
1491695160735895552,2022-02-10,2022-02-20
1482326335343276000,2022-01-15,2022-02-20
1482326335343276032,2022-01-15,2022-02-20
1482433262488518912,2022-01-15,2022-02-20
1482326787665371136,2022-01-15,2022-02-21
1483444321160421376,2022-01-18,2022-02-21
1490690095162273792,2022-02-07,2022-02-21
1491695160735895552,2022-02-10,2022-02-21
1482326335343276000,2022-01-15,2022-02-21
1482326335343276032,2022-01-15,2022-02-21
1482433262488518912,2022-01-15,2022-02-21
1482326787665371136,2022-01-15,2022-02-22
1483444321160421376,2022-01-18,2022-02-22
1490690095162273792,2022-02-07,2022-02-22
1491695160735895552,2022-02-10,2022-02-22
1482326335343276000,2022-01-15,2022-02-22
1482326335343276032,2022-01-15,2022-02-22
1482433262488518912,2022-01-15,2022-02-22
1482326787665371136,2022-01-15,2022-02-23
1483444321160421376,2022-01-18,2022-02-23
1490690095162273792,2022-02-07,2022-02-23
1491695160735895552,2022-02-10,2022-02-23
1482326335343276000,2022-01-15,2022-02-23
1482326335343276032,2022-01-15,2022-02-23
1482433262488518912,2022-01-15,2022-02-23
1482326787665371136,2022-01-15,2022-02-24
1483444321160421376,2022-01-18,2022-02-24
1490690095162273792,2022-02-07,2022-02-24
1491695160735895552,2022-02-10,2022-02-24
1482326335343276000,2022-01-15,2022-02-24
1482326335343276032,2022-01-15,2022-02-24
1482433262488518912,2022-01-15,2022-02-24
1482326787665371136,2022-01-15,2022-02-25
1483444321160421376,2022-01-18,2022-02-25
1490690095162273792,2022-02-07,2022-02-25
1491695160735895552,2022-02-10,2022-02-25
1482326335343276000,2022-01-15,2022-02-25
1482326335343276032,2022-01-15,2022-02-25
1482433262488518912,2022-01-15,2022-02-25
1482326787665371136,2022-01-15,2022-02-26
1483444321160421376,2022-01-18,2022-02-26
1490690095162273792,2022-02-07,2022-02-26
1491695160735895552,2022-02-10,2022-02-26
1482326335343276000,2022-01-15,2022-02-26
1482326335343276032,2022-01-15,2022-02-26
1482433262488518912,2022-01-15,2022-02-26
1483444252697051136,2022-01-18,2022-02-26
1483444252697051100,2022-01-18,2022-02-26
1483621301268844288,2022-01-19,2022-02-26
1483444321160421376,2022-01-18,2022-02-27
1490690095162273792,2022-02-07,2022-02-27
1491695160735895552,2022-02-10,2022-02-27
1483444252697051136,2022-01-18,2022-02-27
1483444252697051100,2022-01-18,2022-02-27
1483621301268844288,2022-01-19,2022-02-27
1483444321160421376,2022-01-18,2022-02-28
1490690095162273792,2022-02-07,2022-02-28
1491695160735895552,2022-02-10,2022-02-28
1497730944610017280,2022-02-27,2022-02-28
1483444252697051136,2022-01-18,2022-02-28
1483444252697051100,2022-01-18,2022-02-28
1483621301268844288,2022-01-19,2022-02-28
1483444321160421376,2022-01-18,2022-03-01
1490690095162273792,2022-02-07,2022-03-01
1491695160735895552,2022-02-10,2022-03-01
1497730944610017280,2022-02-27,2022-03-01
1483444252697051136,2022-01-18,2022-03-01
1483444252697051100,2022-01-18,2022-03-01
1483621301268844288,2022-01-19,2022-03-01
1490690095162273792,2022-02-07,2022-03-02
1491695160735895552,2022-02-10,2022-03-02
1497730944610017280,2022-02-27,2022-03-02
1483621301268844288,2022-01-19,2022-03-02
1485236774381056000,2022-01-23,2022-03-02
1490690095162273792,2022-02-07,2022-03-03
1491695160735895552,2022-02-10,2022-03-03
1497730944610017280,2022-02-27,2022-03-03
1485236774381056000,2022-01-23,2022-03-03
1490690095162273792,2022-02-07,2022-03-04
1491695160735895552,2022-02-10,2022-03-04
1497730944610017280,2022-02-27,2022-03-04
1485236774381056000,2022-01-23,2022-03-04
1486362944443383808,2022-01-26,2022-03-04
1490690095162273792,2022-02-07,2022-03-05
1491695160735895552,2022-02-10,2022-03-05
1497730944610017280,2022-02-27,2022-03-05
1485236774381056000,2022-01-23,2022-03-05
1486362944443383808,2022-01-26,2022-03-05
1490690095162273792,2022-02-07,2022-03-06
1491695160735895552,2022-02-10,2022-03-06
1497730944610017280,2022-02-27,2022-03-06
1485236774381056000,2022-01-23,2022-03-06
1486362944443383808,2022-01-26,2022-03-06
1490690095162273792,2022-02-07,2022-03-07
1491695160735895552,2022-02-10,2022-03-07
1497730944610017280,2022-02-27,2022-03-07
1486362944443383808,2022-01-26,2022-03-07
1487326307973140480,2022-01-29,2022-03-07
1490690095162273792,2022-02-07,2022-03-08
1491695160735895552,2022-02-10,2022-03-08
1497730944610017280,2022-02-27,2022-03-08
1486362944443383808,2022-01-26,2022-03-08
1487326307973140480,2022-01-29,2022-03-08
1487790313133412352,2022-01-30,2022-03-08
1490690095162273792,2022-02-07,2022-03-09
1491695160735895552,2022-02-10,2022-03-09
1497730944610017280,2022-02-27,2022-03-09
1486362944443383808,2022-01-26,2022-03-09
1487326307973140480,2022-01-29,2022-03-09
1487790313133412352,2022-01-30,2022-03-09
1490690095162273792,2022-02-07,2022-03-10
1491695160735895552,2022-02-10,2022-03-10
1497730944610017280,2022-02-27,2022-03-10
1487326307973140480,2022-01-29,2022-03-10
1487790313133412352,2022-01-30,2022-03-10
1490690095162273792,2022-02-07,2022-03-11
1491695160735895552,2022-02-10,2022-03-11
1497730944610017280,2022-02-27,2022-03-11
1487326307973140480,2022-01-29,2022-03-11
1487790313133412352,2022-01-30,2022-03-11
1490690095162273792,2022-02-07,2022-03-12
1491695160735895552,2022-02-10,2022-03-12
1497730944610017280,2022-02-27,2022-03-12
1487326307973140480,2022-01-29,2022-03-12
1487790313133412352,2022-01-30,2022-03-12
1489317416895188992,2022-02-03,2022-03-12
1489318878668804096,2022-02-03,2022-03-12
1490690095162273792,2022-02-07,2022-03-13
1491695160735895552,2022-02-10,2022-03-13
1497730944610017280,2022-02-27,2022-03-13
1487790313133412352,2022-01-30,2022-03-13
1489317416895188992,2022-02-03,2022-03-13
1489318878668804096,2022-02-03,2022-03-13
1490690095162273792,2022-02-07,2022-03-14
1491695160735895552,2022-02-10,2022-03-14
1497730944610017280,2022-02-27,2022-03-14
1489317416895188992,2022-02-03,2022-03-14
1489318878668804096,2022-02-03,2022-03-14
1490690095162273792,2022-02-07,2022-03-15
1491695160735895552,2022-02-10,2022-03-15
1497730944610017280,2022-02-27,2022-03-15
1489317416895188992,2022-02-03,2022-03-15
1489318878668804096,2022-02-03,2022-03-15
1490690091710308400,2022-02-07,2022-03-15
1490705349137301504,2022-02-07,2022-03-15
1490690095162273792,2022-02-07,2022-03-16
1491695160735895552,2022-02-10,2022-03-16
1497730944610017280,2022-02-27,2022-03-16
1489317416895188992,2022-02-03,2022-03-16
1489318878668804096,2022-02-03,2022-03-16
1490690091710308400,2022-02-07,2022-03-16
1490705349137301504,2022-02-07,2022-03-16
1490690095162273792,2022-02-07,2022-03-17
1491695160735895552,2022-02-10,2022-03-17
1497730944610017280,2022-02-27,2022-03-17
1489317416895188992,2022-02-03,2022-03-17
1489318878668804096,2022-02-03,2022-03-17
1490690091710308400,2022-02-07,2022-03-17
1490705349137301504,2022-02-07,2022-03-17
1490690095162273792,2022-02-07,2022-03-18
1491695160735895552,2022-02-10,2022-03-18
1497730944610017280,2022-02-27,2022-03-18
1490690091710308400,2022-02-07,2022-03-18
1490705349137301504,2022-02-07,2022-03-18
1490690095162273792,2022-02-07,2022-03-19
1491695160735895552,2022-02-10,2022-03-19
1497730944610017280,2022-02-27,2022-03-19
1490690091710308400,2022-02-07,2022-03-19
1490705349137301504,2022-02-07,2022-03-19
1490690095162273792,2022-02-07,2022-03-20
1491695160735895552,2022-02-10,2022-03-20
1497730944610017280,2022-02-27,2022-03-20
1490690091710308400,2022-02-07,2022-03-20
1490705349137301504,2022-02-07,2022-03-20
1490690095162273792,2022-02-07,2022-03-21
1491695160735895552,2022-02-10,2022-03-21
1497730944610017280,2022-02-27,2022-03-21
1490690091710308400,2022-02-07,2022-03-21
1490705349137301504,2022-02-07,2022-03-21
1491695160735895552,2022-02-10,2022-03-22
1497730944610017280,2022-02-27,2022-03-22
1491695158831636500,2022-02-10,2022-03-22
1491695160735895552,2022-02-10,2022-03-23
1497730944610017280,2022-02-27,2022-03-23
1491695158831636500,2022-02-10,2022-03-23
1491695160735895552,2022-02-10,2022-03-24
1497730944610017280,2022-02-27,2022-03-24
1491695158831636500,2022-02-10,2022-03-24
1497730944610017280,2022-02-27,2022-03-25
1493158856918450176,2022-02-14,2022-03-25
1497730944610017280,2022-02-27,2022-03-26
1493158856918450176,2022-02-14,2022-03-26
1497730944610017280,2022-02-27,2022-03-27
1493158856918450176,2022-02-14,2022-03-27
1497730944610017280,2022-02-27,2022-03-28
1493158856918450176,2022-02-14,2022-03-28
1497730944610017280,2022-02-27,2022-03-29
1497730944610017280,2022-02-27,2022-03-30
1497730944610017280,2022-02-27,2022-03-31
1497730944610017280,2022-02-27,2022-04-01
1497730944610017280,2022-02-27,2022-04-02
1496733152944930816,2022-02-24,2022-04-02
1497730944610017280,2022-02-27,2022-04-03
1496733152944930816,2022-02-24,2022-04-03
1497730944610017280,2022-02-27,2022-04-04
1496733152944930816,2022-02-24,2022-04-04
1497730944610017280,2022-02-27,2022-04-05
1496733152944930816,2022-02-24,2022-04-05
1497625121892167680,2022-02-26,2022-04-05
1497730944610017280,2022-02-27,2022-04-06
1496733152944930816,2022-02-24,2022-04-06
1497625121892167680,2022-02-26,2022-04-06
1497730944610017280,2022-02-27,2022-04-07
1496733152944930816,2022-02-24,2022-04-07
1497625121892167680,2022-02-26,2022-04-07
1497730944610017280,2022-02-27,2022-04-08
1497625121892167680,2022-02-26,2022-04-08
1497730944610017280,2022-02-27,2022-04-09
1497625121892167680,2022-02-26,2022-04-09
1497730944610017280,2022-02-27,2022-04-10
1500421650537353216,2022-03-06,2022-04-11
1500421650537353216,2022-03-06,2022-04-12
1500421650537353216,2022-03-06,2022-04-13
1501583418949353472,2022-03-09,2022-04-13
1500421650537353216,2022-03-06,2022-04-14
1501583418949353472,2022-03-09,2022-04-14
1501736933197705216,2022-03-10,2022-04-14
1500421650537353216,2022-03-06,2022-04-15
1501583418949353472,2022-03-09,2022-04-15
1501736933197705216,2022-03-10,2022-04-15
1500421650537353216,2022-03-06,2022-04-16
1501583418949353472,2022-03-09,2022-04-16
1501736933197705216,2022-03-10,2022-04-16
1500421650537353216,2022-03-06,2022-04-17
1501583418949353472,2022-03-09,2022-04-17
1501736933197705216,2022-03-10,2022-04-17
1501583418949353472,2022-03-09,2022-04-18
1501736933197705216,2022-03-10,2022-04-18
1501583418949353472,2022-03-09,2022-04-19
1501736933197705216,2022-03-10,2022-04-19
1502570966307594240,2022-03-12,2022-04-19
1501583418949353472,2022-03-09,2022-04-20
1501736933197705216,2022-03-10,2022-04-20
1502570966307594240,2022-03-12,2022-04-20
1501736933197705216,2022-03-10,2022-04-21
1502570966307594240,2022-03-12,2022-04-21
1502570966307594240,2022-03-12,2022-04-22
1502570966307594240,2022-03-12,2022-04-23
1506770396477292288,2022-03-23,2022-05-03
1506770396477292288,2022-03-23,2022-05-04
1507196187790651392,2022-03-25,2022-05-04
1507381727903182848,2022-03-25,2022-05-04
1507196187790651392,2022-03-25,2022-05-05
1507381727903182848,2022-03-25,2022-05-05
1508443163882815488,2022-03-28,2022-05-05
1507196187790651392,2022-03-25,2022-05-06
1507381727903182848,2022-03-25,2022-05-06
1508443163882815488,2022-03-28,2022-05-06
1508443163882815488,2022-03-28,2022-05-07
1508443163882815488,2022-03-28,2022-05-08
1508443163882815488,2022-03-28,2022-05-09
1512418986360672512,2022-04-08,2022-05-11
1512663941024952320,2022-04-09,2022-05-11
1512418986360672512,2022-04-08,2022-05-12
1512663941024952320,2022-04-09,2022-05-12
1512418986360672512,2022-04-08,2022-05-13
1512663941024952320,2022-04-09,2022-05-13
1512418986360672512,2022-04-08,2022-05-14
1512663941024952320,2022-04-09,2022-05-14
1512418986360672512,2022-04-08,2022-05-15
1512663941024952320,2022-04-09,2022-05-15
1512418986360672512,2022-04-08,2022-05-16
1512663941024952320,2022-04-09,2022-05-16
1512418986360672512,2022-04-08,2022-05-17
1512663941024952320,2022-04-09,2022-05-17
1526579887041290240,2022-05-17,2022-05-18
1512418986360672512,2022-04-08,2022-05-18
1512663941024952320,2022-04-09,2022-05-18
1526579887041290240,2022-05-17,2022-05-19
1512418986360672512,2022-04-08,2022-05-19
1512663941024952320,2022-04-09,2022-05-19
1526579887041290240,2022-05-17,2022-05-20
1527257045376073728,2022-05-19,2022-05-20
1512418986360672512,2022-04-08,2022-05-20
1512663941024952320,2022-04-09,2022-05-20
1526579887041290240,2022-05-17,2022-05-21
1527257045376073728,2022-05-19,2022-05-21
1512663941024952320,2022-04-09,2022-05-21
1513886862683025408,2022-04-12,2022-05-21
1526579887041290240,2022-05-17,2022-05-22
1527257045376073728,2022-05-19,2022-05-22
1513886862683025408,2022-04-12,2022-05-22
1526579887041290240,2022-05-17,2022-05-23
1527257045376073728,2022-05-19,2022-05-23
1513886862683025408,2022-04-12,2022-05-23
1526579887041290240,2022-05-17,2022-05-24
1527257045376073728,2022-05-19,2022-05-24
1513886862683025408,2022-04-12,2022-05-24
1526579887041290240,2022-05-17,2022-05-25
1527257045376073728,2022-05-19,2022-05-25
1514892798172200960,2022-04-15,2022-05-25
1514964506308329472,2022-04-15,2022-05-25
1526579887041290240,2022-05-17,2022-05-26
1527257045376073728,2022-05-19,2022-05-26
1514892798172200960,2022-04-15,2022-05-26
1514964506308329472,2022-04-15,2022-05-26
1515228778733387776,2022-04-16,2022-05-26
1526579887041290240,2022-05-17,2022-05-27
1527257045376073728,2022-05-19,2022-05-27
1514892798172200960,2022-04-15,2022-05-27
1514964506308329472,2022-04-15,2022-05-27
1515228778733387776,2022-04-16,2022-05-27
1526579887041290240,2022-05-17,2022-05-28
1527257045376073728,2022-05-19,2022-05-28
1515228778733387776,2022-04-16,2022-05-28
1526579887041290240,2022-05-17,2022-05-29
1527257045376073728,2022-05-19,2022-05-29
1526579887041290240,2022-05-17,2022-05-30
1527257045376073728,2022-05-19,2022-05-30
1526579887041290240,2022-05-17,2022-05-31
1527257045376073728,2022-05-19,2022-05-31
1526579887041290240,2022-05-17,2022-06-01
1527257045376073728,2022-05-19,2022-06-01
1526579887041290240,2022-05-17,2022-06-02
1527257045376073728,2022-05-19,2022-06-02
1526579887041290240,2022-05-17,2022-06-03
1527257045376073728,2022-05-19,2022-06-03
1526579887041290240,2022-05-17,2022-06-04
1527257045376073728,2022-05-19,2022-06-04
1526579887041290240,2022-05-17,2022-06-05
1527257045376073728,2022-05-19,2022-06-05
1526579887041290240,2022-05-17,2022-06-06
1527257045376073728,2022-05-19,2022-06-06
1526579887041290240,2022-05-17,2022-06-07
1527257045376073728,2022-05-19,2022-06-07
1533835957379956736,2022-06-06,2022-06-07
1526579887041290240,2022-05-17,2022-06-08
1527257045376073728,2022-05-19,2022-06-08
1533835957379956736,2022-06-06,2022-06-08
1520055828929077248,2022-04-29,2022-06-08
1526579887041290240,2022-05-17,2022-06-09
1527257045376073728,2022-05-19,2022-06-09
1533835957379956736,2022-06-06,2022-06-09
1520055828929077248,2022-04-29,2022-06-09
1526579887041290240,2022-05-17,2022-06-10
1527257045376073728,2022-05-19,2022-06-10
1533835957379956736,2022-06-06,2022-06-10
1520055828929077248,2022-04-29,2022-06-10
1526579887041290240,2022-05-17,2022-06-11
1527257045376073728,2022-05-19,2022-06-11
1533835957379956736,2022-06-06,2022-06-11
1526579887041290240,2022-05-17,2022-06-12
1527257045376073728,2022-05-19,2022-06-12
1533835957379956736,2022-06-06,2022-06-12
1526579887041290240,2022-05-17,2022-06-13
1527257045376073728,2022-05-19,2022-06-13
1533835957379956736,2022-06-06,2022-06-13
1526579887041290240,2022-05-17,2022-06-14
1527257045376073728,2022-05-19,2022-06-14
1533835957379956736,2022-06-06,2022-06-14
1536373728639995904,2022-06-13,2022-06-14
1526579887041290240,2022-05-17,2022-06-15
1527257045376073728,2022-05-19,2022-06-15
1533835957379956736,2022-06-06,2022-06-15
1536373728639995904,2022-06-13,2022-06-15
1526579887041290240,2022-05-17,2022-06-16
1527257045376073728,2022-05-19,2022-06-16
1533835957379956736,2022-06-06,2022-06-16
1536373728639995904,2022-06-13,2022-06-16
1526579887041290240,2022-05-17,2022-06-17
1527257045376073728,2022-05-19,2022-06-17
1533835957379956736,2022-06-06,2022-06-17
1536373728639995904,2022-06-13,2022-06-17
1526579887041290240,2022-05-17,2022-06-18
1527257045376073728,2022-05-19,2022-06-18
1533835957379956736,2022-06-06,2022-06-18
1536373728639995904,2022-06-13,2022-06-18
1526579887041290240,2022-05-17,2022-06-19
1527257045376073728,2022-05-19,2022-06-19
1533835957379956736,2022-06-06,2022-06-19
1536373728639995904,2022-06-13,2022-06-19
1526579887041290240,2022-05-17,2022-06-20
1527257045376073728,2022-05-19,2022-06-20
1533835957379956736,2022-06-06,2022-06-20
1536373728639995904,2022-06-13,2022-06-20
1526579887041290240,2022-05-17,2022-06-21
1527257045376073728,2022-05-19,2022-06-21
1533835957379956736,2022-06-06,2022-06-21
1536373728639995904,2022-06-13,2022-06-21
1526579887041290240,2022-05-17,2022-06-22
1527257045376073728,2022-05-19,2022-06-22
1533835957379956736,2022-06-06,2022-06-22
1536373728639995904,2022-06-13,2022-06-22
1526579887041290240,2022-05-17,2022-06-23
1527257045376073728,2022-05-19,2022-06-23
1533835957379956736,2022-06-06,2022-06-23
1536373728639995904,2022-06-13,2022-06-23
1526579887041290240,2022-05-17,2022-06-24
1527257045376073728,2022-05-19,2022-06-24
1533835957379956736,2022-06-06,2022-06-24
1536373728639995904,2022-06-13,2022-06-24
1539785322468212736,2022-06-23,2022-06-24
1526455929532973056,2022-05-17,2022-06-24
1526579887041290240,2022-05-17,2022-06-25
1527257045376073728,2022-05-19,2022-06-25
1533835957379956736,2022-06-06,2022-06-25
1536373728639995904,2022-06-13,2022-06-25
1539785322468212736,2022-06-23,2022-06-25
1526455929532973056,2022-05-17,2022-06-25
1526579887041290240,2022-05-17,2022-06-26
1527257045376073728,2022-05-19,2022-06-26
1533835957379956736,2022-06-06,2022-06-26
1536373728639995904,2022-06-13,2022-06-26
1539785322468212736,2022-06-23,2022-06-26
1540630497008570368,2022-06-25,2022-06-26
1526455929532973056,2022-05-17,2022-06-26
1526579887041290240,2022-05-17,2022-06-27
1527257045376073728,2022-05-19,2022-06-27
1533835957379956736,2022-06-06,2022-06-27
1536373728639995904,2022-06-13,2022-06-27
1539785322468212736,2022-06-23,2022-06-27
1540630497008570368,2022-06-25,2022-06-27
1526455929532973056,2022-05-17,2022-06-27
1526579887041290240,2022-05-17,2022-06-28
1527257045376073728,2022-05-19,2022-06-28
1533835957379956736,2022-06-06,2022-06-28
1536373728639995904,2022-06-13,2022-06-28
1539785322468212736,2022-06-23,2022-06-28
1540630497008570368,2022-06-25,2022-06-28
1526455929532973056,2022-05-17,2022-06-28
1527257045376073728,2022-05-19,2022-06-29
1533835957379956736,2022-06-06,2022-06-29
1536373728639995904,2022-06-13,2022-06-29
1539785322468212736,2022-06-23,2022-06-29
1540630497008570368,2022-06-25,2022-06-29
1527257045376073728,2022-05-19,2022-06-30
1533835957379956736,2022-06-06,2022-06-30
1536373728639995904,2022-06-13,2022-06-30
1539785322468212736,2022-06-23,2022-06-30
1540630497008570368,2022-06-25,2022-06-30
1533835957379956736,2022-06-06,2022-07-01
1536373728639995904,2022-06-13,2022-07-01
1539785322468212736,2022-06-23,2022-07-01
1540630497008570368,2022-06-25,2022-07-01
1542524090430345216,2022-06-30,2022-07-01
1533835957379956736,2022-06-06,2022-07-02
1536373728639995904,2022-06-13,2022-07-02
1539785322468212736,2022-06-23,2022-07-02
1540630497008570368,2022-06-25,2022-07-02
1542524090430345216,2022-06-30,2022-07-02
1533835957379956736,2022-06-06,2022-07-03
1536373728639995904,2022-06-13,2022-07-03
1539785322468212736,2022-06-23,2022-07-03
1540630497008570368,2022-06-25,2022-07-03
1542524090430345216,2022-06-30,2022-07-03
1533835957379956736,2022-06-06,2022-07-04
1536373728639995904,2022-06-13,2022-07-04
1539785322468212736,2022-06-23,2022-07-04
1540630497008570368,2022-06-25,2022-07-04
1542524090430345216,2022-06-30,2022-07-04
1533835957379956736,2022-06-06,2022-07-05
1536373728639995904,2022-06-13,2022-07-05
1539785322468212736,2022-06-23,2022-07-05
1540630497008570368,2022-06-25,2022-07-05
1542524090430345216,2022-06-30,2022-07-05
1533835957379956736,2022-06-06,2022-07-06
1536373728639995904,2022-06-13,2022-07-06
1539785322468212736,2022-06-23,2022-07-06
1540630497008570368,2022-06-25,2022-07-06
1542524090430345216,2022-06-30,2022-07-06
1533835957379956736,2022-06-06,2022-07-07
1536373728639995904,2022-06-13,2022-07-07
1539785322468212736,2022-06-23,2022-07-07
1540630497008570368,2022-06-25,2022-07-07
1542524090430345216,2022-06-30,2022-07-07
1529855270041825280,2022-05-26,2022-07-07
1533835957379956736,2022-06-06,2022-07-08
1536373728639995904,2022-06-13,2022-07-08
1539785322468212736,2022-06-23,2022-07-08
1540630497008570368,2022-06-25,2022-07-08
1542524090430345216,2022-06-30,2022-07-08
1530153399152308224,2022-05-27,2022-07-08
1533835957379956736,2022-06-06,2022-07-09
1536373728639995904,2022-06-13,2022-07-09
1539785322468212736,2022-06-23,2022-07-09
1540630497008570368,2022-06-25,2022-07-09
1542524090430345216,2022-06-30,2022-07-09
1533835957379956736,2022-06-06,2022-07-10
1536373728639995904,2022-06-13,2022-07-10
1539785322468212736,2022-06-23,2022-07-10
1540630497008570368,2022-06-25,2022-07-10
1542524090430345216,2022-06-30,2022-07-10
1533835957379956736,2022-06-06,2022-07-11
1536373728639995904,2022-06-13,2022-07-11
1539785322468212736,2022-06-23,2022-07-11
1540630497008570368,2022-06-25,2022-07-11
1542524090430345216,2022-06-30,2022-07-11
1531273868140171264,2022-05-30,2022-07-11
1533835957379956736,2022-06-06,2022-07-12
1536373728639995904,2022-06-13,2022-07-12
1539785322468212736,2022-06-23,2022-07-12
1540630497008570368,2022-06-25,2022-07-12
1542524090430345216,2022-06-30,2022-07-12
1533835957379956736,2022-06-06,2022-07-13
1536373728639995904,2022-06-13,2022-07-13
1539785322468212736,2022-06-23,2022-07-13
1540630497008570368,2022-06-25,2022-07-13
1542524090430345216,2022-06-30,2022-07-13
1533451615403126784,2022-06-05,2022-07-13
1533835957379956736,2022-06-06,2022-07-14
1536373728639995904,2022-06-13,2022-07-14
1539785322468212736,2022-06-23,2022-07-14
1540630497008570368,2022-06-25,2022-07-14
1542524090430345216,2022-06-30,2022-07-14
1533451615403126784,2022-06-05,2022-07-14
1533835957379956736,2022-06-06,2022-07-15
1536373728639995904,2022-06-13,2022-07-15
1539785322468212736,2022-06-23,2022-07-15
1540630497008570368,2022-06-25,2022-07-15
1542524090430345216,2022-06-30,2022-07-15
1533451615403126784,2022-06-05,2022-07-15
1533835957379956736,2022-06-06,2022-07-16
1536373728639995904,2022-06-13,2022-07-16
1539785322468212736,2022-06-23,2022-07-16
1540630497008570368,2022-06-25,2022-07-16
1542524090430345216,2022-06-30,2022-07-16
1533451615403126784,2022-06-05,2022-07-16
1533835957379956736,2022-06-06,2022-07-17
1536373728639995904,2022-06-13,2022-07-17
1539785322468212736,2022-06-23,2022-07-17
1540630497008570368,2022-06-25,2022-07-17
1542524090430345216,2022-06-30,2022-07-17
1533451615403126784,2022-06-05,2022-07-17
1533835957379956736,2022-06-06,2022-07-18
1536373728639995904,2022-06-13,2022-07-18
1539785322468212736,2022-06-23,2022-07-18
1540630497008570368,2022-06-25,2022-07-18
1542524090430345216,2022-06-30,2022-07-18
1536373728639995904,2022-06-13,2022-07-19
1539785322468212736,2022-06-23,2022-07-19
1540630497008570368,2022-06-25,2022-07-19
1542524090430345216,2022-06-30,2022-07-19
1534576673563332608,2022-06-08,2022-07-19
1536373728639995904,2022-06-13,2022-07-20
1539785322468212736,2022-06-23,2022-07-20
1540630497008570368,2022-06-25,2022-07-20
1542524090430345216,2022-06-30,2022-07-20
1534576673563332608,2022-06-08,2022-07-20
1536373728639995904,2022-06-13,2022-07-21
1539785322468212736,2022-06-23,2022-07-21
1540630497008570368,2022-06-25,2022-07-21
1542524090430345216,2022-06-30,2022-07-21
1536373728639995904,2022-06-13,2022-07-22
1539785322468212736,2022-06-23,2022-07-22
1540630497008570368,2022-06-25,2022-07-22
1542524090430345216,2022-06-30,2022-07-22
1536373728639995904,2022-06-13,2022-07-23
1539785322468212736,2022-06-23,2022-07-23
1540630497008570368,2022-06-25,2022-07-23
1542524090430345216,2022-06-30,2022-07-23
1536012498008035328,2022-06-12,2022-07-23
1536019392030334976,2022-06-12,2022-07-23
1536373728639995904,2022-06-13,2022-07-24
1539785322468212736,2022-06-23,2022-07-24
1540630497008570368,2022-06-25,2022-07-24
1542524090430345216,2022-06-30,2022-07-24
1536012498008035328,2022-06-12,2022-07-24
1536019392030334976,2022-06-12,2022-07-24
1536373728639995904,2022-06-13,2022-07-25
1539785322468212736,2022-06-23,2022-07-25
1540630497008570368,2022-06-25,2022-07-25
1542524090430345216,2022-06-30,2022-07-25
1536366248379838464,2022-06-13,2022-07-25
1539785322468212736,2022-06-23,2022-07-26
1540630497008570368,2022-06-25,2022-07-26
1542524090430345216,2022-06-30,2022-07-26
1536854772858335232,2022-06-14,2022-07-26
1539785322468212736,2022-06-23,2022-07-27
1540630497008570368,2022-06-25,2022-07-27
1542524090430345216,2022-06-30,2022-07-27
1539785322468212736,2022-06-23,2022-07-28
1540630497008570368,2022-06-25,2022-07-28
1542524090430345216,2022-06-30,2022-07-28
1539785322468212736,2022-06-23,2022-07-29
1540630497008570368,2022-06-25,2022-07-29
1542524090430345216,2022-06-30,2022-07-29
1539785322468212736,2022-06-23,2022-07-30
1540630497008570368,2022-06-25,2022-07-30
1542524090430345216,2022-06-30,2022-07-30
1539785322468212736,2022-06-23,2022-07-31
1540630497008570368,2022-06-25,2022-07-31
1542524090430345216,2022-06-30,2022-07-31
1538590672563113984,2022-06-19,2022-07-31
1539785322468212736,2022-06-23,2022-08-01
1540630497008570368,2022-06-25,2022-08-01
1542524090430345216,2022-06-30,2022-08-01
1539785322468212736,2022-06-23,2022-08-02
1540630497008570368,2022-06-25,2022-08-02
1542524090430345216,2022-06-30,2022-08-02
1539785322468212736,2022-06-23,2022-08-03
1540630497008570368,2022-06-25,2022-08-03
1542524090430345216,2022-06-30,2022-08-03
1539785322468212736,2022-06-23,2022-08-04
1540630497008570368,2022-06-25,2022-08-04
1542524090430345216,2022-06-30,2022-08-04
1540630497008570368,2022-06-25,2022-08-05
1542524090430345216,2022-06-30,2022-08-05
1540630497008570368,2022-06-25,2022-08-06
1542524090430345216,2022-06-30,2022-08-06
1542524090430345216,2022-06-30,2022-08-07
1542524090430345216,2022-06-30,2022-08-08
1542524090430345216,2022-06-30,2022-08-09
1542524090430345216,2022-06-30,2022-08-10
1542524090430345216,2022-06-30,2022-08-11
